Index,AppID,EarlyAccess,Name,PlayerCount,PriceUSD
0,493790,True,Archery,1.0,9.99
1,392190,False,SelfieTennis,0.0,19.99
2,439260,False,BUTTS_The_VR_Experience,0.0,0.99
3,439550,False,n_Verlore_Verstand,0.0,14.99
4,568330,False,VR_The_Han_Dynasty_Imperial_Mausoleums,0.0,1.99
5,554920,True,0_Day,0.0,6.99
6,575600,False,2017_VR,0.0,19.99
7,674850,False,2MD_VR_Football,1.0,12.99
8,548010,False,3D_Organon_VR_Anatomy,1.0,29.99
9,513760,True,3dSunshine,0.0,0
10,329770,False,4089_Ghost_Within,0.0,5.99
11,619210,False,4D_Toys,0.0,14.99
12,414510,False,5089_The_Action_RPG,0.0,7.99
13,512410,False,69_Ways_to_Kill_a_Zombie,0.0,19.99
14,547440,False,7D_Game_VR_for_VIVE,0.0,0
15,552660,False,8Bit_Arena_VR,0.0,0.99
16,462530,False,8i__Make_VR_Human,0.0,0
17,536050,True,994_W_24th,0.0,4.99
18,486140,False,9Grids_VR,0.0,1.99
19,427760,False,A_Chair_in_a_Room__Greenwater,0.0,24.99
20,535460,False,A_Fear_Of_Heights_And_Other_Things,0.0,0.99
21,493790,True,Archery,1.0,9.99
22,392190,False,SelfieTennis,0.0,19.99
23,439260,False,BUTTS_The_VR_Experience,0.0,0.99
24,439550,False,n_Verlore_Verstand,0.0,14.99
25,568330,False,VR_The_Han_Dynasty_Imperial_Mausoleums,0.0,1.99
26,554920,True,0_Day,0.0,6.99
27,575600,False,2017_VR,0.0,19.99
28,674850,False,2MD_VR_Football,1.0,12.99
29,548010,False,3D_Organon_VR_Anatomy,1.0,29.99
30,513760,True,3dSunshine,0.0,0
31,329770,False,4089_Ghost_Within,0.0,5.99
32,619210,False,4D_Toys,0.0,14.99
33,414510,False,5089_The_Action_RPG,0.0,7.99
34,512410,False,69_Ways_to_Kill_a_Zombie,0.0,19.99
35,547440,False,7D_Game_VR_for_VIVE,0.0,0
36,552660,False,8Bit_Arena_VR,0.0,0.99
37,462530,False,8i__Make_VR_Human,0.0,0
38,536050,True,994_W_24th,0.0,4.99
39,486140,False,9Grids_VR,0.0,1.99
40,427760,False,A_Chair_in_a_Room__Greenwater,0.0,24.99
41,535460,False,A_Fear_Of_Heights_And_Other_Things,0.0,0.99
42,579160,False,A_GodLike_Backhand,0.0,0.99
43,643950,False,A_Handful_of_Keflings,0.0,19.99
44,433600,False,A_Legend_of_Luca,0.0,19.99
45,613040,False,A_Lost_Room,0.0,9.99
46,698520,False,A_Writer_And_His_Daughter,0.0,14.99
47,436220,False,A10_VR,1.0,4.99
48,538330,False,AEscape_VR,0.0,9.99
49,578210,True,ATech_Cybernetic_VR,1.0,24.99
50,15520,False,AaAaAA__A_Reckless_Disregard_for_Gravity,0.0,9.99
51,15560,False,AaaaaAAaaaAAAaaAAAAaAAAAA_for_the_Awesome,0.0,9.99
52,509340,False,Abandoned_Hospital_VR,0.0,5.99
53,434430,False,Abbots_Book_Demo,0.0,0
54,458590,False,ABE_VR,0.0,0
55,548340,False,Abode,1.0,9.99
56,547040,False,Above__VR,0.0,3.99
57,501180,False,Acans_Call_Act_1,1.0,0
58,518580,False,Accounting,9.0,0
59,523570,False,Across_Flash,0.0,2.99
60,693800,False,Adoption,0.0,0
61,300060,False,ADR1FT,3.0,19.99
62,412790,False,Adventure_Time_Magic_Mans_Head_Games,0.0,4.99
63,543390,False,Aeon,0.0,24.99
64,434030,True,Aerofly_FS_2_Flight_Simulator,24.0,59.99
65,707580,False,AFFECTED_The_Manor,1.0,7.99
66,586080,False,Age_of_Heroes_VR,0.0,29.99
67,518110,True,Ahros_One_Warrior_Chronicle,0.0,19.99
68,670910,False,AHTS_Ship_Simulator,0.0,13.99
69,624430,False,AI_Rebellion_VR,0.0,9.99
70,511730,True,Airborne_Empires,0.0,0
71,364630,False,AirMech_Command,0.0,19.99
72,594150,False,airRevo_VR,0.0,1.99
73,631900,False,Airtone,0.0,29.99
74,628820,False,ALaLa_Wake_Mi_Up,0.0,10.99
75,355860,False,Albino_Lullaby_Episode_1,0.0,9.99
76,573270,False,Alcatraz_VR_Escape_Room,1.0,4.99
77,511420,True,Aleph_Null,0.0,3.99
78,751300,False,Alice_Mystery_Garden,0.0,4.99
79,513320,False,ALICE_VR,1.0,9.99
80,765290,False,Alien_Food_Frenzy,0.0,14.99
81,648190,False,Aliens_In_The_Yard,0.0,12.99
82,604830,False,All_Alone_VR,0.0,3.99
83,460850,False,Allumette,1.0,0
84,529500,False,ALONE__VR,0.0,14.99
85,689620,True,Alpha_Mike_Foxtrot_VR__AMF_VR,1.0,9.99
86,553110,False,Alpine_Ski_VR,2.0,4.99
87,667110,True,Altar_Show,0.0,0
88,389800,False,AlterVerse_Disruption,3.0,0
89,407060,False,AltspaceVRThe_Social_VR_App,12.0,0
90,484990,True,Alveari,0.0,14.99
91,497300,False,Always_Higher,0.0,0.99
92,552870,True,aMAZEing_adventures,0.0,8.99
93,570540,False,Amazon_Odyssey,0.0,9.99
94,610260,False,American_VR_Coasters,1.0,3.99
95,450110,False,Amigdala,0.0,5.99
96,622310,False,Amigo_VR,1.0,0
97,701100,False,Amoreon_NightClub,0.0,0
98,266430,True,Anarchy_Arcade,8.0,0
99,546040,False,Ancient_Code_VR_The_Fantasy_Egypt_Journey,0.0,4.99
100,495320,False,Ancient_VR_coaster,0.0,0.99
101,457660,False,Andromedum,0.0,1.99
102,503160,False,Angels__Demigods__SciFi_VR_Visual_Novel,0.0,0
103,767110,False,Anime_Girls_VR,0.0,11.99
104,464440,False,Annie_Amber,0.0,7.99
105,711390,False,Anti_Gravity_Warriors_VR,0.0,0
106,505700,False,Anyland,20.0,5.99
107,457860,False,Apollo_11_VR,3.0,9.69
108,491780,False,AppGameKit__3D_Asset_Pack,0.0,4.99
109,623270,False,AppGameKit__GameGuru_Loader,0.0,39.99
110,623100,False,AppGameKit_VR,0.0,29.99
111,325180,False,AppGameKit_Easy_Game_Development,14.0,79.99
112,583530,True,Aquila_Bird_Flight_Simulator,0.0,4.99
113,466740,False,ARAYA,1.0,14.99
114,534430,False,Arcade_Artist,0.0,8.99
115,464000,False,Arcade_Saga,0.0,19.99
116,534870,False,Arcane,0.0,0
117,553880,False,Archangel,1.0,29.99
118,587830,False,Archery_Practice_VR,0.0,0.99
119,577120,False,Archipelago_Navigable_VR_Comic,0.0,4.99
120,577890,False,Arena_Blood_on_the_Sand_VR,0.0,3.99
121,342180,False,Arizona_Sunshine,123.0,39.99
122,529910,False,ARK_Park,0.0,0
123,488590,True,Armed_Against_the_Undead,0.0,19.99
124,720310,False,Armed_Warrior_VR,0.0,9.99
125,510700,False,Armor_Clash_VR,0.0,4.99
126,499940,False,Ascension_VR,0.0,9.99
127,625460,False,Assassination_ClassroomVR_Balloon_Challenge_TimeVR,0.0,9.99
128,244210,False,Assetto_Corsa,1322.0,29.99
129,535380,False,Asteroid_Blaster_VR,0.0,7.99
130,458990,False,Astral_Domine,0.0,2.99
131,492850,False,Astroderps,0.0,8.99
132,741490,False,Atlantis_VR,0.0,1.99
133,457230,False,Atlas_Reactor_VR_Character_Viewer,0.0,0
134,394120,False,Atom_Universe,2.0,0
135,765460,False,Atoms,0.0,6.99
136,597590,False,Attack_of_the_Bugs,1.0,7.99
137,457770,False,Audio_Arena,0.0,6.99
138,722590,False,Audio_Factory,0.0,0
139,570860,False,AudioBeats,0.0,9.99
140,412740,False,Audioshield,31.0,19.99
141,673900,False,Avem33,4.0,0
142,622290,True,AVOlightSpace_MultiScreen_Media_Player,1.0,0
143,555970,True,Awaken,0.0,599
144,525760,True,Awesome_Obstacle_Challenge,0.0,7.99
145,550520,False,B_Braun_Future_Operating_Room,0.0,0
146,441230,True,Babel_Tower_to_the_Gods,0.0,9.99
147,708820,True,Baby_Hands,4.0,24.99
148,709370,False,BadRobots_VR,0.0,8.99
149,498990,False,Balloon_Chair_Death_Match,0.0,3.99
150,744600,True,Balloonatics,3.0,14.99
151,493500,False,Bank_Limit__Advanced_Battle_Racing,0.0,24.99
152,643000,False,BARBAR_BAR,3.0,0
153,728950,False,Barrels_Up,0.0,0.99
154,704300,False,Bartender_VR_Simulator,1.0,19.99
155,561390,True,BasementVR,0.0,0
156,528990,False,Basketball_Babe,0.0,10.99
157,495550,False,Baskhead,0.0,4.99
158,502820,False,Batman_Arkham_VR,3.0,19.99
159,647990,False,Batter_Up_VR,0.0,9.99
160,704520,True,Battle_Buddies_VR,0.0,0
161,484870,False,Battle_Dome,0.0,14.99
162,753920,False,Battle_for_the_last_chicken,0.0,4.99
163,778250,True,Battle_of_Kings_VR,1.0,9.99
164,716400,False,Battle_of_Red_Cliffs_VR,0.0,29.99
165,624830,True,Battle_Summoners_VR,2.0,9.99
166,625830,True,BattleSky_VR,0.0,9.99
167,312650,False,Battlezone,0.0,39.99
168,455230,False,Bazaar,0.0,4.99
169,744460,True,BE_THE_HERO,0.0,0
170,454830,True,Beach_Ball_Valley,0.0,2.99
171,724940,False,Beach_Cry_of_VR,0.0,10.00
172,638920,False,BeanVRThe_Social_VR_APP,0.0,0
173,629970,False,Beast_Pets,2.0,0
174,493040,False,Beat_Ninja,0.0,12.99
175,566780,False,Beats_Fever,0.0,14.99
176,590430,False,BeefeaterXO,0.0,0
177,600140,False,Belko_VR_An_Escape_Room_Experiment,1.0,19.99
178,493100,True,BellyBots,0.0,7.99
179,529820,True,Beyond_Power_VR,0.0,1.99
180,585310,True,Beyond_the_City_VR,0.0,4.99
181,666850,False,Beyond_the_Horizon,0.0,4.99
182,620800,False,Big_Hit_VR_Baseball,0.0,24.99
183,457550,False,Bigscreen_Beta,61.0,0
184,641910,False,Bike_Rush,0.0,9.99
185,570600,False,Binary_Trigger,0.0,8.99
186,711300,True,Bit_Storm_VR_First_Loop,0.0,11.99
187,615460,False,Bitcoin_VR,0.0,0
188,569370,False,Bitdude,0.0,0
189,524690,False,Bitslap,0.0,6.99
190,503100,False,Black_Hat_Cooperative,0.0,9.99
191,613330,False,Blackjack_Bailey_VR,0.0,4.99
192,706520,False,BlackShield_Upora_Story,0.0,29.99
193,576880,False,Blackwater_Bayou_VR,0.0,0.99
194,554470,False,BladeShield,0.0,2.99
195,420840,False,BLARP,0.0,2.99
196,490490,False,Blasters_of_the_Universe,2.0,14.99
197,302710,False,BlazeRush,3.0,9.99
198,628530,False,Blobby_Tennis,1.0,0
199,425400,True,Block_Rocking_Beats,0.0,14.99
200,524060,False,Block_Wave_VR,0.0,4.99
201,533970,False,Blocks_by_Google,10.0,0
202,449640,False,Bloody_Zombies,2.0,14.99
203,497450,False,Blortasia,0.0,4.99
204,510710,False,Bloxiq_VR,0.0,14.99
205,522020,False,Blue_Effect_VR,0.0,14.99
206,668030,False,Blue_Flame_VR,0.0,4.99
207,565030,True,Blueshift,0.0,0
208,728110,True,Board_Games_VR,0.0,0
209,569940,False,Bocce_Beach,0.0,0
210,523090,False,Bomb_U,0.0,0
211,611090,False,Boofles_Home,1.0,0
212,433650,False,Book_Of_Merlin,0.0,0
213,620140,False,Bottle_Flip_Challenge_VR,0.0,0
214,464400,False,Bounce,0.0,0
215,494350,False,Bowl_VR,0.0,0
216,496000,False,BowMage,0.0,0
217,459260,False,Bowslinger,0.0,0
218,612840,False,Boxplosion,0.0,0
219,641960,False,BOXVR,9.0,0
220,550830,False,Brain_Voyagers__Ricochet,0.0,0
221,591790,False,BREACH_IT,0.0,0
222,668220,False,Breadwinner_VR,0.0,0
223,578470,False,Break_Time,0.0,0
224,431570,False,Breakroom,0.0,0
225,504840,False,Brick_Stack_VR,0.0,0
226,559920,False,Broken_Blue,0.0,0
227,504630,False,Broomball_VR,0.0,0
228,567840,False,Brush_Up_VR,0.0,0
229,400940,False,Budget_Cuts,0.0,0
230,459860,False,Budget_Cuts_Demo,,0
231,614160,False,Bug_Invaders,0.0,0
232,521950,False,Bullet_Sorrow_VR,4.0,0
233,649510,False,Bullet_VR,0.0,0
234,525640,False,Bullets_And_More_VR__BAM_VR,17.0,0
235,501060,False,CSS_CITADEL_VR,0.0,0
236,517770,False,Caketomino,0.0,0
237,547280,False,Calcflow,0.0,0
238,525500,False,Candy_Kingdom_VR,0.0,0
239,503900,False,Candy_Smash_VR,0.0,0
240,457790,False,Capria_Magic_of_the_Elements,0.0,0
241,472720,False,Car_Car_Crash_Hands_On_Edition,0.0,0
242,416090,False,Caretaker_Retribution,0.0,0
243,426240,False,Caretaker_Sacrifice,0.0,0
244,565380,False,Cargo_Cult_ShootnLoot_VR,2.0,0
245,458920,False,Carnival_Games_VR,1.0,0
246,433700,False,Carpe_Lucem__Seize_The_Light_VR,0.0,0
247,692060,False,Casinopia_The_Blackjack,0.0,0
248,706840,False,Castaway_VR,0.0,0
249,693500,False,Castle_Demolition_VR,0.0,0
250,542770,False,Castle_Must_Be_Mine,4.0,0
251,638020,False,Castle_Wars_VR,0.0,0
252,645500,False,Cat_Sorter_VR,0.0,0
253,433190,False,CDF_Starfighter_VR,0.0,0
254,524610,False,Ceggtcher_VR,0.0,0
255,589680,False,Chainless,0.0,0
256,477170,False,Chamber_19,0.0,0
257,658230,False,Chambered,0.0,0
258,612220,False,Chaos_Edge,0.0,0
259,680640,False,ChefU,0.0,0
260,504010,False,Chernobyl_VR_Project,0.0,0
261,518060,False,Chess_Ultra,7.0,0
262,493380,False,ChessVR,0.0,0
263,551440,False,Chiaro_and_the_Elixir_of_Life,0.0,0
264,538410,False,Chicken_Chase,0.0,0
265,566270,False,Child_Of_Ault,1.0,0
266,490040,False,Child_of_the_Wind,0.0,0
267,558850,False,Children_of_Colossus,0.0,0
268,575420,False,Chocolate,0.0,0
269,662700,False,Chop_and_Drop_VR,1.0,0
270,574040,False,Christmas_Massacre_VR,0.0,0
271,587470,False,Chroma_Lab,4.0,0
272,402800,False,Chunks,0.0,0
273,535190,False,Chunky_Orbits,0.0,0
274,364380,False,CINEVEO__VR_Cinema,0.0,0
275,687870,False,CINEVR__Social_Movie_Theater,0.0,0
276,757400,False,CITY_BALLS_VR,0.0,0
277,493490,False,City_Car_Driving,62.0,0
278,609400,False,City_Rush,0.0,0
279,517990,False,City_VR,0.0,0
280,593970,False,Clash_of_Vessels_VR,0.0,0
281,293800,False,Classroom_Aquatic,0.0,0
282,698910,False,Cliffstone_Manor,0.0,0
283,520010,False,Climbey,21.0,0
284,535170,False,Climbtime,0.0,0
285,526240,False,CloudBound,0.0,0
286,662950,False,CloudCity_VR,0.0,0
287,425720,False,Cloudlands__VR_Minigolf,4.0,0
288,527160,False,Cmoar_VR_Cinema,0.0,0
289,737260,False,Coaster_of_Carnage_VR,0.0,0
290,525910,False,Cockroach_VR,0.0,0
291,703140,False,Codename_Phantom,0.0,0
292,543710,False,Cogito,0.0,0
293,510410,False,Cogs_and_Cowboys,0.0,0
294,577240,False,CogVR,0.0,0
295,506930,False,CoLab,0.0,0
296,543440,False,Cold_Iron,0.0,0
297,679160,False,CollabHub,0.0,0
298,464540,False,Colosse,0.0,0
299,576820,False,Colourise,0.0,0
300,347170,False,Combat_Air_Patrol_2_Military_Flight_Simulator,0.0,0
301,405670,False,Combat_Core,0.0,0
302,725970,False,COMBAT_INSTINCT,0.0,0
303,624900,False,COMET_STRIKE,0.0,0
304,763650,False,Comets_Wake,0.0,0
305,584930,False,Conductor,0.0,0
306,570150,False,Constellation_Distantia,0.0,0
307,589110,False,Constricted_VR,0.0,0
308,535270,False,Constricting_Cubes,0.0,0
309,527700,False,Containment_Initiative,1.0,0
310,591990,False,Cosmic_Awakening_VR,0.0,0
311,559010,False,Cosmic_Sugar_VR,0.0,0
312,427240,False,Cosmic_Trip,0.0,0
313,512110,False,Cosmos_Crash_VR,0.0,0
314,551690,False,Counter_Fight,0.0,0
315,593210,False,Counter_Fight_Samurai_Edition,0.0,0
316,598720,False,Country_of_One,0.0,0
317,589460,False,Covert_Syndrome,0.0,0
318,517670,False,Cowbots_and_Aliens,0.0,0
319,546350,False,Craft_Keep_VR,0.0,0
320,558740,False,CRAFT_Work_VR_Shop,0.0,0
321,517970,False,CRANGA_Harbor_Frenzy,0.0,0
322,516470,False,CRAPPY_ZOMBIE_GAME,0.0,0
323,508580,False,CrapsVR,0.0,0
324,340450,False,Crashed_Lander,0.0,0
325,566980,False,Crashimals,0.0,0
326,594370,False,Crazy_Fishing,1.0,0
327,570910,False,Crazy_Max_VR,0.0,0
328,554680,False,Crazy_Saloon_VR,0.0,0
329,648070,False,CrisisActionVR,0.0,0
330,788020,False,Critical_Gravity_Alpha,0.0,0
331,497000,False,Cross_Death__VR,0.0,0
332,543410,False,Crowe_The_Drowned_Armory,0.0,0
333,662780,False,Crystal_Reign,0.0,0
334,345140,False,Crystal_Rift,0.0,0
335,623040,False,Crystal_Vibes_feat_Ott,0.0,0
336,660860,False,Cube_Monster,0.0,0
337,619590,False,CubeBall_VR,0.0,0
338,636220,False,CubeWorks,0.0,0
339,576370,False,Cubians_VR,0.0,0
340,539190,False,CuVRball,0.0,0
341,733230,False,Cyber_Arena,0.0,0
342,580680,False,CYBER_JOLT,0.0,0
343,632840,False,CYBER_VR,0.0,0
344,607760,False,Cyberdrifter,0.0,0
345,501620,False,CyberLink_PowerDirector_15_Ultimate,3.0,0
346,560920,False,Cyberlink_PowerDVD_17_Ultra,0.0,0
347,462000,False,Cyberpong,0.0,0
348,516590,False,CyberThreat,0.0,0
349,619500,False,cyubeVR,3.0,0
350,552340,False,Danger_Room,0.0,0
351,538040,False,Dantes_Forest,0.0,0
352,598690,False,Dark_Legion_VR,0.0,0
353,600580,False,Dark_Mechanism__Virtual_reality,0.0,0
354,395150,False,Dark_Storm_VR_Missions,0.0,0
355,607190,False,Dark_Frontier,0.0,0
356,649630,False,DarkMaze,0.0,0
357,401910,False,Darknet,0.0,0
358,612120,False,Darwins_bots_Episode_1,0.0,0
359,649570,False,Dash_Dash_Run,0.0,0
360,768110,False,Dawn_City,0.0,0
361,413350,False,Daydream_Blue,0.0,0
362,513150,False,Daylights_End_VR_Edition,0.0,0
363,223750,False,DCS_World,226.0,0
364,613200,False,Dead_Days,0.0,0
365,646200,False,Dead_Effect_2_VR,7.0,0
366,538710,False,Dead_Hungry,0.0,0
367,668840,False,Dead_Moon__Revenge_on_Phobos,0.0,0
368,402260,False,Dead_Secret,2.0,0
369,727790,False,DEAD_TARGET_VR_Zombie_Intensified,0.0,0
370,513790,False,DEADLOCK,0.0,0
371,594490,False,Deadly_Hunter_VR,1.0,0
372,682360,False,Deadly_Rescue,0.0,0
373,544590,False,Death_Dojo,0.0,0
374,570230,False,Deathlike_Awakening,1.0,0
375,484830,False,Deep_Blue_3D_Maze,1.0,0
376,591610,False,Deep_End,0.0,0
377,459940,False,Deer_Man,0.0,0
378,638900,False,Defenders_of_the_Realm_VR,0.0,0
379,589180,False,Defuser_VR,0.0,0
380,525680,False,Deisim,0.0,0
381,538110,False,Delilas_Gift,0.0,0
382,535530,False,Demon_Hunter,0.0,0
383,542820,False,DemonicGuestVR,0.0,0
384,588030,False,Derail_Valley,0.0,0
385,638110,False,Desert_Bus_VR,1.0,0
386,554140,False,Desert_Ride_Coaster,3.0,0
387,700170,False,Deserving_Life,0.0,0
388,501090,False,Design_it_Drive_it__Speedboats,1.0,0
389,528020,False,Destroyer,0.0,0
390,436230,False,Detached,0.0,0
391,526180,False,Deus_Ex_Mankind_Divided__VR_Experience,,0
392,644670,False,DEUS_VULT__Online_VR_sword_fighting,0.0,0
393,510290,False,DEXED,0.0,0
394,585500,False,Dick_Wilde,0.0,0
395,578190,False,Diesel_Power,0.0,0
396,697430,False,Differently_Fast,0.0,0
397,503340,False,Dig_4_Destruction,0.0,0
398,686030,False,Digital_Domains_Monkey_King,0.0,0
399,501350,False,Dimension_Hunter_VR,2.0,0
400,457340,False,Dimensional,0.0,0
401,447690,False,Dimensional_Intersection,0.0,0
402,580630,False,Dimensional_Rift,0.0,0
403,566640,False,DinoFense,0.0,0
404,431390,False,Diorama_No1__Blocked_In,0.0,0
405,431370,False,Diorama_No3__The_Marchland,0.0,0
406,602630,False,Diorama_Worlds,0.0,0
407,483970,False,Directionless,0.0,0
408,310560,False,DiRT_Rally,345.0,0
409,677380,False,Disco_Destruction,0.0,0
410,649880,False,Disco_Time_80s_VR,0.0,0
411,496740,False,Discovering_Space_2,0.0,0
412,459170,False,Discovr_Egypt_King_Tuts_Tomb,0.0,0
413,469650,False,Disney_Movies_VR,0.0,0
414,646890,False,Distant_Nightmare__Virtual_reality,0.0,0
415,456740,False,Doctor_Kvoraks_Obliteration_Game,0.0,0
416,468170,False,Doll_City__Prologue,0.0,0
417,455720,False,Dolphin_Defense,0.0,0
418,455190,False,Domain_Defense_VR,0.0,0
419,571230,False,Domino_Craft_VR,0.0,0
420,594200,False,Dont_Get_Hit_In_The_Face,0.0,0
421,328590,False,Dont_Knock_Twice,0.0,0
422,519030,False,Dont_Let_Go,0.0,0
423,601550,False,Dont_Look_Back,0.0,0
424,575170,False,Dont_Mess_Up,0.0,0
425,650000,False,DOOM_VFR,15.0,0
426,552230,False,Doomsday_SurvivalTraining,0.0,0
427,573610,False,DOOORS_VR,0.0,0
428,311250,False,Doorways_The_Underworld,0.0,0
429,523180,False,Doritos_VR_Battle,0.0,0
430,656770,False,Douarnenez_VR,0.0,0
431,574940,False,Downward_Spiral_Prologue,0.0,0
432,460730,False,Draco_Dux,0.0,0
433,667010,False,Dracula_Vampires_vs_Zombies,0.0,0
434,711600,False,Dragon_Orb,0.0,0
435,518640,False,Dragon_Skies_VR,0.0,0
436,514370,False,DragonBlast_VR,0.0,0
437,386930,False,Dragonflight,0.0,0
438,692930,False,DreadEye_VR,0.0,0
439,589200,False,Dreadhalls,0.0,0
440,229580,False,Dream,1.0,0
441,744660,False,Dream_Channel,0.0,0
442,663190,False,Dream_Coaster_VR,0.0,0
443,723610,False,Dream_Golf_VR,1.0,0
444,544000,False,Dream_UniVRse,0.0,0
445,520210,False,DreamDesk_VR,0.0,0
446,365140,False,DREAMFLIGHT_VR,0.0,0
447,498510,False,DreamLand,0.0,0
448,664560,False,DreamTank,0.0,0
449,696940,False,DreamWorks_Voltron_VR_Chronicles,1.0,0
450,544800,False,Driftwatch_VR,0.0,0
451,403040,False,Driver_Booster_3_for_STEAM,22.0,0
452,612600,False,Drone_Fighters,0.0,0
453,571430,False,Drone_Hero,0.0,0
454,466520,False,Drone_Hunter_VR,0.0,0
455,718990,False,Drone_Infiltrator,0.0,0
456,697330,False,Dronihilation_VR,0.0,0
457,731450,False,DROP_VR__AUDIO_VISUALIZER,0.0,0
458,609170,False,Drummer_Talent_VR,0.0,0
459,608370,False,Drums_Hero,0.0,0
460,577290,False,Drunk_or_Dead,0.0,0
461,585040,False,Dry_Erase_Infinite_VR_Whiteboard,0.0,0
462,511690,False,Duck_Force,0.0,0
463,503580,False,Duck_Season,5.0,0
464,512240,False,Duckpocalypse,0.0,0
465,612010,False,Duel_VR,0.0,0
466,689830,False,DUELEUM,0.0,0
467,618920,False,Dungeon_Escape_VR,0.0,0
468,686360,False,Dungeons__Treasure_VR,0.0,0
469,498980,False,DUO,0.0,0
470,769930,False,DwarVRs,0.0,0
471,535650,False,Dwingle__BOT,0.0,0
472,594610,False,Dynamic__DLC,0.0,0
473,640260,False,DYSTOA,0.0,0
474,408250,False,Eagle_Flight,0.0,0
475,607590,False,Earthquake_Simulator_VR,0.0,0
476,612250,False,Eastwood_VR,148.0,0
477,705870,False,Echo_Grotto,0.0,0
478,470130,False,Eclipse__Defending_the_motherland,0.0,0
479,542170,False,Edmersiv,0.0,0
480,774721,False,EF_EVE__volumetric_video_platform,1.0,0
481,621140,False,EGG_HUNT_VR,0.0,0
482,531990,False,Egg_Time,0.0,0
483,716900,False,El_Ministerio_del_Tiempo_VR_Salva_el_tiempo,0.0,0
484,679050,False,Electro_Pong_VR,0.0,0
485,672790,False,Elemental_Combat,0.0,0
486,513860,False,Elena,1.0,0
487,566170,False,Elephant_Express_VR,0.0,0
488,740400,False,Elevator_to_the_Moon,0.0,0
489,488310,False,Eleven_Table_Tennis_VR,8.0,0
490,623850,False,Elite_Encounter,0.0,0
491,503770,False,Elven_Assassin,17.0,0
492,798590,False,Elven_Love,0.0,0
493,578880,False,Embrace_The_Fear,0.0,0
494,416590,False,Emily_Wants_To_Play,6.0,0
495,561690,False,Emission_VR,0.0,0
496,422500,False,Emmerholt_Prologue,0.0,0
497,364500,False,Endless_Dead,0.0,0
498,495830,False,Endless_Labyrinth,0.0,0
499,547750,False,Endless_Night__Alpha,0.0,0
500,589080,False,Enigma_Sphere_Enhanced_Edition,0.0,0
501,574520,False,EnterVR,0.0,0
502,733910,False,Entropic_Shop_VR,0.0,0
503,553000,False,Escape_Artist_The_Trial,0.0,0
504,544530,False,Escape_Bloody_Mary,0.0,0
505,513160,False,Escape_from_Zellman_Orbital,0.0,0
506,758210,False,Escape_Room,0.0,0
507,570470,False,Escape_the_Bunker,0.0,0
508,552060,False,EscapeVR_The_Basement,1.0,0
509,664090,False,Eternity_Warriors_VR,3.0,0
510,265950,False,Ether_One,1.0,0
511,398180,False,Euclidean,0.0,0
512,683000,False,Evasion,4.0,0
513,688480,False,EVE_Valkyrie__Warzone,3.0,0
514,384750,False,EVEREST_VR,3.0,0
515,396750,False,EVERSPACE,83.0,0
516,643590,False,Everyday_Golf_VR,1.0,0
517,623800,False,Everything_Must_Fall,0.0,0
518,404390,False,Evil_Robot_Traffic_Jam_HD,0.0,0
519,549760,False,Evolution_VR,0.0,0
520,606920,False,EXA_The_Infinite_Instrument,1.0,0
521,542670,False,Extreme_Skiing_VR,0.0,0
522,566700,False,Eye_in_the_Sky,0.0,0
523,420020,False,Eye_of_the_Owl__Bosch_VR,0.0,0
524,355230,False,Faceted_Flight,0.0,0
525,526960,False,Fair_Islands_VR,0.0,0
526,693330,False,Fake_World_VR,0.0,0
527,611660,False,Fallout_4_VR,242.0,0
528,601940,False,Fancy_Fishing_VR,0.0,0
529,512080,False,Fancy_Skiing_VR,7.0,0
530,514350,False,Fancy_Slingshot_VR,0.0,0
531,552240,False,Fancy_Trangram_VR,0.0,0
532,386690,False,Fantastic_Contraption,2.0,0
533,624460,False,Fantasynth_Chez_Nous,1.0,0
534,531050,False,Far_Beyond_A_space_odyssey_VR,0.0,0
535,671760,False,Far_Space_Halloween_edition,1.0,0
536,594730,False,Far_Space_VR,7.0,0
537,534000,False,Fast_Action_Hero,1.0,0
538,552960,False,Fastigium,0.0,0
539,612190,False,Fastigium_Dead_End,0.0,0
540,779580,False,Fat_Foods,0.0,0
541,546030,False,Fatal_Gem_VRThe_First_Match3_VR_Game,0.0,0
542,401820,False,FATED_The_Silent_Oath,0.0,0
543,427890,False,Felt_Tip_Circus,0.0,0
544,536800,False,FILE_9,0.0,0
545,590560,False,Filthy_Stinking_Orcs,0.0,0
546,380670,False,Final_Approach,1.0,0
547,481420,False,Final_Approach_Pilot_Edition,0.0,0
548,500350,False,Final_Fleet,1.0,0
549,555060,False,Final_Soccer_VR,5.0,0
550,357920,False,Final_Strike,0.0,0
551,529040,False,Fine_China,0.0,0
552,436490,False,Firebird__La_Peri,0.0,0
553,560970,False,Fireworks_Desert_Blast,0.0,0
554,548470,False,First_Impact_Rise_of_a_Hero,0.0,0
555,454140,False,First_Person_Tennis__The_Real_Tennis_Simulator,2.0,0
556,500480,False,Fist_of_Physics,0.0,0
557,586020,False,Flairtender,0.0,0
558,764110,False,Flappy_Arms,0.0,0
559,746240,False,Flip_the_Table,0.0,0
560,593400,False,Float_Gallery,0.0,0
561,572130,False,Flock_VR,0.0,0
562,673060,False,Floor_Plan_HandsOn_Edition,0.0,0
563,731790,False,Fly_Destroyer,0.0,0
564,517860,False,Fly_to_KUMA_MAKER,0.0,0
565,760010,False,Flying_Turkey,0.0,0
566,574010,False,Forestry,0.0,0
567,574890,False,Forgotten_Chambers,0.0,0
568,408520,False,FORM,1.0,0
569,585000,False,Formula_E_powered_by_Virtually_Live,0.0,0
570,528580,False,Found,0.0,0
571,576650,False,Fovos_VR,0.0,0
572,566180,False,Fractal,0.0,0
573,503150,False,Frantic_Freighter,0.0,0
574,584170,False,Freedom_Locomotion_VR,0.0,0
575,542110,False,FriendShip,0.0,0
576,396560,False,Front_Defense,2.0,0
577,608190,False,Frontier_VR,0.0,0
578,645330,False,Frontline_Heroes_VR,0.0,0
579,739950,False,Fruit_Attacks_VR,0.0,0
580,528930,False,Fruit_for_the_Village,0.0,0
581,406890,False,Fruit_Golf,0.0,0
582,486780,False,Fruit_Ninja_VR,21.0,0
583,722370,False,Funball_Games_VR,0.0,0
584,493400,False,Funfair,0.0,0
585,678520,False,GalGun_VR,3.0,0
586,571860,False,Galactic_Core_The_Lost_Fleet_VR,0.0,0
587,583500,False,Galaxis_Wars,0.0,0
588,496580,False,GameGuru__Expansion_Pack,0.0,0
589,691680,False,Ganbatte,0.0,0
590,611080,False,Gappos_Legacy_VR,0.0,0
591,467890,False,Garage_Drummer_VR,0.0,0
592,614260,False,Gates_Of_Nowhere,0.0,0
593,496180,False,GE_Neuro,0.0,0
594,613020,False,Gem_Hunter,0.0,0
595,565200,False,Gem_Monster,0.0,0
596,556830,False,GemWars,0.0,0
597,496070,False,GeoFall,0.0,0
598,505110,False,Ghost_Pursuit_VR,0.0,0
599,459010,False,Ghost_Town_Mine_Ride__Shootin_Gallery,1.0,0
600,495730,False,Ghost_Train_VR,0.0,0
601,280890,False,Ghostship_Aftermath,0.0,0
602,451080,False,Giant_Cop_Justice_Above_All,1.0,0
603,768100,False,GizmoVR_Video_Player,3.0,0
604,556640,False,Gladius__Gladiator_VR_Sword_fighting,0.0,0
605,505680,False,Glaive,0.0,0
606,500110,False,Glider_Island,1.0,0
607,290060,False,Glitchspace,7.0,0
608,724870,False,Glorious_Noon,0.0,0
609,610090,False,Gnomelings_Migration,0.0,0
610,490840,False,Gnomes__Goblins_preview,,0
611,467400,False,Go_For_Launch_Mercury,0.0,0
612,588290,False,Goalie_Challenge_VR,1.0,0
613,573550,False,GoalkeepVr,0.0,0
614,262750,False,GoD_Factory_Wingmen,1.0,0
615,522730,False,God_Of_Arrows_VR,0.0,0
616,506570,False,Going_Up,0.0,0
617,374970,False,Golf_Masters,0.0,0
618,517620,False,Gooblins,0.0,0
619,348250,False,Google_Earth_VR,51.0,0
620,476540,False,Google_Spotlight_Stories_Pearl,0.0,0
621,714580,False,Google_Spotlight_Stories_Son_of_Jaguar,0.0,0
622,713320,False,Google_Spotlight_Stories_Sonaria,0.0,0
623,714780,False,Google_Spotlight_Stories_Special_Delivery,0.0,0
624,578620,False,GORN,83.0,0
625,516830,False,Grapply,0.0,0
626,527330,False,Grave_VR,0.0,0
627,438650,False,Gravity_Compass,0.0,0
628,408340,False,Gravity_Lab__Gravitational_Testing_Facility__Observations,1.0,0
629,678750,False,Gravity_Tunnel_VR,0.0,0
630,497480,False,GravPool,0.0,0
631,625190,False,Great_Pyramid_VR,0.0,0
632,255220,False,GRID_Autosport,74.0,39.99
633,579030,False,GridVR,0.0,0
634,516610,False,Guardian_war_VR,0.0,0
635,397750,False,Guided_Meditation_VR,0.0,0
636,418260,False,Gumball_Drift,0.0,0
637,691320,False,Gun_Club_VR,3.0,0
638,491710,False,Gun_Range_VR,0.0,0
639,551700,False,Gunheart,2.0,0
640,410570,False,Gunjack,0.0,0
641,781320,False,Guns_and_Notes,0.0,0
642,685690,False,GunsnStories_Bulletproof_VR,1.0,0
643,716260,False,GunsnStories_Preface_VR,5.0,0
644,700990,False,Gunship_Battle2_VR_Steam_Edition,0.0,0
645,456420,False,Gunslinger_Trainer,1.0,0
646,701010,False,Gurugedara,0.0,0
647,622480,False,Gus_Track_Adventures_VR,0.0,0
648,618500,False,Hailstorm_VR,0.0,0
649,485230,False,HALP,1.0,0
650,553680,False,Hand_Eye_Cubination,0.0,0
651,657200,False,Hand_Simulator,295.0,0
652,543120,False,HandPass_VR,0.0,0
653,672910,False,Hangry_Bunnies_From_Mars,0.0,0
654,575210,False,Happy_Drummer_VR,0.0,0
655,615330,False,Happy_Penguin_VR,0.0,0
656,612030,False,Harvest_Simulator_VR,0.0,0
657,487730,False,Hat_Trick_Header,0.0,0
658,543110,False,Head_It_VR_Soccer_Heading_Game,0.0,0
659,532120,False,Header_Goal_VR_Being_Axel_Rix,0.0,0
660,621010,False,Headmaster,2.0,0
661,585270,False,HeapVR,0.0,0
662,767690,False,Heart_of_the_Emberstone_Coliseum,3.0,0
663,476480,False,Heaven_Forest__VR_MMO,3.0,0
664,360970,False,Heaven_Forest_NIGHTS,3.0,0
665,400250,False,Heaven_Island__VR_MMO,121.0,0
666,422100,False,Heaven_Island_Life,5.0,0
667,556700,False,Heavy_Impact,0.0,0
668,648570,False,Hell_Dimension_VR,0.0,0
669,616050,False,Hello_inc_VR,0.0,0
670,566880,False,Henry_The_Hamster_Handler_VR,0.0,0
671,696510,False,Hero_of_Light_VR_Episode_1,0.0,0
672,633970,False,Heroes_Never_Die,0.0,0
673,436400,False,Heroes_of_the_Seven_Seas_VR,0.0,0
674,652470,False,Hex_Tunnel,0.0,0
675,466900,False,Hide__Spook_The_Haunted_Alchemist,1.0,0
676,654090,False,High_clear_VR,0.0,0
677,390540,False,High_Fidelity,6.0,0
678,710760,False,High_Noon_VR,1.0,9.99
679,735460,True,Highway_Madness,4.0,0
680,460470,False,Hindenburg_VR,0.0,12.99
681,563830,False,Historium_VR__Relive_the_history_of_Bruges,0.0,7.99
682,672020,False,Hold_My_Beer,0.0,1.99
683,501470,True,Hold_the_door,0.0,0
684,571180,False,Holiday_Simulator__Wacky_Sleigh_Ride,0.0,2.99
685,543530,False,Holo_Impact__Prologue,0.0,0
686,457320,False,HoloBall,1.0,14.99
687,422860,True,Holodance,2.0,19.99
688,475520,False,Holodaze,0.0,2.99
689,457960,False,Holopoint,3.0,14.99
690,512270,False,Home__A_VR_Spacewalk,1.0,0
691,357670,False,Home_Improvisation_Furniture_Sandbox,1.0,9.99
692,617160,False,Home_Sweet_Home,9.0,16.99
693,576230,True,Home_Tech_VR,0.0,4.99
694,497440,False,HOMEBOUND,0.0,8.99
695,599780,False,Honeypot_Espionage,0.0,0
696,487770,False,Hoops_VR,3.0,6.99
697,689710,False,Hop_Step_Sing_KimamaniSummer_vacation_HQ_Edition,0.0,6.99
698,538000,False,Hop_Step_Sing_Kisekiteki_Shining_HQ_Edition,0.0,4.99
699,646530,False,Hop_Step_Sing_kisskisskiss_HQ_Edition,0.0,4.99
700,555600,False,Hopalong_The_Badlands,1.0,24.99
701,412050,False,HordeZ,1.0,16.99
702,567270,True,HORROR_OF_THE_DEEP,0.0,7.99
703,640630,False,HORROR_OF_THE_DEEP__VR,0.0,0
704,450540,True,Hot_Dogs_Horseshoes__Hand_Grenades,115.0,19.99
705,721400,False,Hot_Runback__VR_Runner,0.0,4.99
706,553590,False,Hot_Squat,0.0,0
707,696470,False,House_Dating_VR_Cute_Korean_Girl_Sehyun,0.0,14.99
708,500920,True,House_of_Alice,0.0,9.99
709,283160,False,House_of_the_Dying_Sun,4.0,19.99
710,556520,True,Housekeeping_VR,0.0,4.99
711,672670,False,Hover_Bots_VR,0.0,4.99
712,380220,False,Hover_Junkers,3.0,34.99
713,501870,True,HOVR,0.0,0
714,785990,False,Hub_Culture_VR,0.0,0
715,491100,False,Human_we_have_a_problem,1.0,4.99
716,509140,False,HVR,0.0,0
717,510950,False,HVR_Demo,0.0,0
718,582050,True,HVRGUN,0.0,5.99
719,401970,True,Hypatia,0.0,29.99
720,780400,False,Hyper_Arena_VR,0.0,0
721,469560,False,Hyper_Bowling_VR,0.0,4.99
722,722070,False,Hyperide_VR,0.0,7.99
723,587430,False,I_Expect_You_To_Die,17.0,24.99
724,557730,False,I_Hate_Santa,0.0,2.99
725,393430,False,Ice_Lakes,17.0,14.99
726,776140,True,Idol_Quest_VR,0.0,2.99
727,725920,False,If_Only,0.0,0
728,669440,False,IKAROS,0.0,0
729,447270,False,IKEA_VR_Experience,0.0,0
730,611120,False,IKEA_VR_Pancake_Kitchen,1.0,0
731,307960,False,IL2_Sturmovik_Battle_of_Stalingrad,126.0,49.99
732,631660,False,Immersion_Chess,0.0,0
733,605450,True,In_Death,9.0,19.99
734,564330,True,In_Your_Face_TD,1.0,0
735,480690,False,Inbound,0.0,2.99
736,396030,False,InCell_VR,1.0,19.99
737,666340,False,Inescapable_VR_Underground,0.0,4.99
738,612790,False,INFINITI_VR,0.0,0
739,279920,False,Infinity_Runner,0.0,6.99
740,522220,False,InMind_2_VR,0.0,4.99
741,343740,False,InMind_VR,0.0,0
742,559130,True,Inner_Voices,1.0,9.99
743,790570,False,Innocent,0.0,0
744,450060,False,Insane_Decay_of_Mind_The_Labyrinth,0.0,2.99
745,686340,False,Insanity_VR_Last_Score,4.0,0
746,579110,False,Interkosmos,1.0,4.99
747,765380,False,Internal_Light_VR,0.0,4.99
748,677780,False,Interplanetary_Hunter,0.0,10.99
749,710240,True,Interworlds,0.0,9.99
750,677060,False,Into_the_Rhythm_VR,0.0,19.99
751,552220,False,Invaders,0.0,4.99
752,503630,False,INVASION,0.0,29.99
753,627070,True,inVokeR,1.0,14.99
754,266410,False,iRacing,70.0,11.95
755,642710,False,Iron_Defense_VR,0.0,0
756,693360,True,IronPower,0.0,19.99
757,552080,True,IronWolf_VR,5.0,19.99
758,343730,False,Irrational_Exuberance_Prologue,0.0,0
759,479000,False,IrreVRsible,0.0,1.99
760,476700,True,Island_359,5.0,19.99
761,620660,False,Jack_Spriggan,0.0,13.99
762,589240,False,Jaguar_IPACE_Concept__Virtual_Reality_Experience,,0
763,602090,False,Janus_VR,0.0,0
764,392680,False,Jeeboman,0.0,9.99
765,587220,False,Jet_Island,0.0,0
766,753960,False,Jida_Chronicle_Chaos_frontier_VR,0.0,3.99
767,731690,False,Jingo,0.0,0
768,448280,False,Job_Simulator,112.0,19.99
769,382360,False,John_Wick_Chronicles,3.0,19.99
770,493810,False,Jonahs_Path,0.0,0
771,628960,True,Journey_to_Alien_Worlds,0.0,3.99
772,695520,False,Journey_VR,0.0,1.99
773,584040,False,Journey_Benjamins_Adventures,0.0,2.99
774,334410,False,JUMP,0.0,9.99
775,600260,False,Jungle_Dino_VR,0.0,9.99
776,592240,False,Jupiteration,0.0,2.99
777,525950,False,JUST_BAT_VR_CRICKET,0.0,3.99
778,592030,False,Just_In_Time_Incorporated,3.0,14.99
779,752750,False,Justice_League_VR_The_Complete_Experience,0.0,9.99
780,233230,False,Kairo,2.0,4.99
781,611160,True,Karnage_Chronicles,1.0,24.99
782,583150,False,KART_CHASER__THE_BOOST_VR,1.0,9.99
783,668510,False,Kartofank_VR,0.0,1.99
784,602480,True,Kartong__Death_by_Cardboard,0.0,8.99
785,615910,True,Katana_X,0.0,12.99
786,595070,False,Keep_Balance_VR,0.0,0.99
787,527720,True,Keep_Defending,0.0,7.99
788,341800,False,Keep_Talking_and_Nobody_Explodes,100.0,14.99
789,564980,False,Killer_Klownz,0.0,1.99
790,690810,False,Killing_Floor_Incursion,9.0,39.99
791,534440,False,Killing_Zombies,2.0,0
792,578660,False,Kindled_Cavern,0.0,4.99
793,556340,False,King_Kaiju,1.0,4.99
794,505220,False,King_of_Spin_VR,0.0,7.99
795,675510,False,Kingdom_City_Drowning_Episode_1__The_Champion,0.0,4.99
796,471660,False,Kingspray_Graffiti_VR,11.0,14.99
797,607860,False,Kira,0.0,0
798,463290,False,Kismet,0.0,6.99
799,670830,True,Kiss_or_Kill_VR,1.0,0
800,550820,False,Kitten_Cannon,0.0,0
801,726620,False,Kitty_Rescue,0.0,0.99
802,451010,False,Kittypocalypse,0.0,14.99
803,436340,False,Kiya,0.0,0
804,403590,True,Klepto,1.0,12.99
805,699390,True,Knife_Club_VR,1.0,19.99
806,738450,True,Knights_of_the_Drowned_Table,0.0,14.99
807,488920,False,Knockout_League__Arcade_VR_Boxing,9.0,29.99
808,479010,True,Kodon,1.0,19.99
809,739960,False,Kokoda_VR,0.0,0
810,510740,True,Konrad_the_Kitten,0.0,14.99
811,493110,False,KOTH,0.0,6.99
812,729190,False,KRAKEN,0.0,9.99
813,519940,False,Kubz_VR,0.0,3.99
814,386290,False,Kumoon__Ballistic_Physics_Puzzle,0.0,2.99
815,415760,False,Kumoon__VR_Expansion_Kit_01,0.0,1.99
816,747260,False,KungFu_Town_VR,1.0,12.99
817,565670,True,Kunlun_Fight,0.0,19.99
818,577440,False,Kygo_Carry_Me_VR_Experience,0.0,1.99
819,485880,False,L_U_N_E,0.0,2.99
820,722230,False,LA_Noire_The_VR_Case_Files,8.0,29.99
821,639280,True,Lander_8009_VR,0.0,14.99
822,487630,False,Lantern,0.0,6.99
823,568030,False,Last_Mage_Standing,0.0,2.99
824,623540,True,Late_For_Work,1.0,9.99
825,644660,False,Lathe_Safety_Simulator,0.0,0
826,523860,True,Launch_Squad,0.0,0
827,529150,False,Lazerbait,0.0,0
828,471270,False,Leave_The_Nest,0.0,2.99
829,488760,False,LeftHand_Path,1.0,29.99
830,642170,False,Legendary_Hunter_VR,0.0,7.99
831,679780,False,Lemuria_Lost_in_Space__VR_Edition,0.0,14.99
832,680950,True,Lets_Bowl_VR__Bowling_Game,0.0,17.99
833,532270,False,Lethal_VR,1.0,14.99
834,526730,False,Life_of_Lon_Chapter_1,0.0,0
835,526680,False,Lifeliqe_VR_Museum,0.0,0
836,576720,False,Light_And_Dance_VR,0.0,2.99
837,722350,False,Light_of_Mine,0.0,0.99
838,444530,False,Light_Repair_Team_4,0.0,7.99
839,680400,False,Light_Tracer,0.0,14.99
840,477270,False,Lightblade_VR,1.0,3.99
841,582490,False,Lighting_End_VR,0.0,0
842,579130,False,LightStrike,0.0,3.99
843,500660,False,Limberjack,0.0,0
844,677710,True,Little_Einar,0.0,11.99
845,392230,False,Littlstar_VR_Cinema,0.0,0
846,518610,True,Live_In_Color,0.0,3.99
847,522200,False,Loading_Human_Chapter_1,0.0,39.99
848,513270,True,Lockdown_Stand_Alone,0.0,10.99
849,562320,False,Locked_In_VR,0.0,5.99
850,667800,False,Loco_Dojo,2.0,19.99
851,490250,False,Locomancer,0.0,14.99
852,644110,False,Lone_Pirate_VR,0.0,8.99
853,542620,False,Lonelyland_VR,0.0,14.99
854,510990,False,LooWarVR,0.0,3.99
855,521860,False,Lop_Nor_Zombie_VR_HTC_Vive,0.0,2.99
856,551320,False,Lord_Darydikilkil,0.0,1.99
857,596640,False,Lost_in_the_Ocean_VR,0.0,7.99
858,542520,False,Lost_in_the_Rift__Reborn,0.0,4.99
859,652830,False,Lost_Legends_The_Pharaohs_Tomb,0.0,2.99
860,470280,True,Lost_Route,0.0,4.99
861,389260,True,Lucid_Trips,1.0,7.99
862,753060,True,Lucky_Night_VR,0.0,0
863,657010,False,Lucky_Night_Texas_Holdem_VR,2.0,0
864,704310,False,Lumberjack_VR,0.0,3.99
865,605770,False,Luna,0.0,14.99
866,208600,False,Lunar_Flight,2.0,14.99
867,553800,False,Lunar_Stone__Origin_of_Blood,0.0,14.99
868,572630,True,LyraVR,0.0,14.99
869,712060,True,MIA,0.0,0
870,691890,False,Machine_Crisis,0.0,4.99
871,524030,False,Machine_Learning_Episode_I,0.0,0
872,577570,True,Mage_Guard_The_Last_Grimoire,0.0,19.99
873,571500,True,Magic_Hour,0.0,0
874,575110,False,Magic_Lantern,0.0,4.99
875,560960,False,Magic_Tavern,0.0,0.99
876,719410,False,Magical_Squash,0.0,9.99
877,649120,True,Magicians_Gambit,0.0,8.99
878,537060,True,MagixHome_VR,0.0,0
879,557850,False,Magnificent_Ships_Volume_1,0.0,0
880,628450,False,Magnificent_Ships_Volume_2,0.0,0
881,727310,False,Major_League_Gladiators,1.0,0
882,504420,False,Malazard_The_Master_of_Magic,0.0,0
883,548560,False,Manastorm_Champions_of_Gnar,0.0,0
884,664450,False,Manifest_99,0.0,0
885,503280,False,Marble_Land,0.0,0
886,409390,False,Marble_Mountain,0.0,0
887,560930,False,Marimba_VR,0.0,0
888,753090,False,Marius,0.0,0
889,636950,False,MarksmanVR,0.0,0
890,536530,False,Marlene_Betwixt,0.0,0
891,510850,False,Mars_2030,0.0,0
892,465150,False,Mars_Odyssey,0.0,0
893,596560,False,MARS_VRVR,0.0,0
894,705100,False,Marshmallow_Melee,1.0,0
895,566530,False,Mass_Exodus,5.0,0
896,600980,False,Master_Shot_VR,0.0,0
897,504650,False,MasterpieceVR,8.0,0
898,389220,False,Maximum_Override,3.0,0
899,496670,False,Maze_Roller,0.0,0
900,681550,False,Maze_Run_VR,0.0,0
901,607260,False,McOsu,19.0,0
902,509380,False,Mech_Ace_Combat__Trainer_Edition,0.0,0
903,609010,False,Mech_League_Boxing,0.0,0
904,606360,False,Mech_Skeleton,0.0,0
905,624560,False,Medusas_Labyrinth_VR,0.0,0
906,613130,False,Mega_Overload_VR,2.0,0
907,534210,False,MegaRats,0.0,0
908,471200,False,Melody,0.0,0
909,579780,False,Mental_Asylum_VR,0.0,0
910,684380,False,MermaidVR_Video_Player,1.0,0
911,725510,False,Merper_VR,0.0,0
912,567730,False,Merry_Snowballs,1.0,0
913,497460,False,Mervils_A_VR_Adventure,0.0,0
914,576790,False,Mesh_Maker_VR,0.0,0
915,570850,False,Metal_Assault,0.0,0
916,422630,False,Metaverse_Construction_Kit,0.0,0
917,511100,False,MetaWorld__The_VR_MMO_Simulation,0.0,0
918,508890,False,Meteor_Crush_VR,0.0,0
919,655580,False,Micro_Cosmic_Worlds,0.0,0
920,626570,False,Microcosm,0.0,0
921,586830,False,Mighty_Monster_Mayhem,1.0,0
922,660570,False,Million_Arthur_VR_Character_Command_RPG,0.0,0
923,490170,False,Mind_OVR_Matter,0.0,0
924,450740,False,Mind_Unleashed,0.0,0
925,296070,False,MIND_Path_to_Thalamus_Enhanced_Edition,2.0,0
926,382000,False,Mindshow,16.0,0
927,687320,False,MINE,0.0,0
928,516940,False,MineSweeper_VR,0.0,0
929,529170,False,MineSweeper_VR_Zombies,0.0,0
930,679670,False,Miniature_TD__VR,0.0,0
931,457870,False,Minigame_Party_VR,0.0,0
932,406410,False,Minigolf_VR,0.0,0
933,599180,False,Mister_Mart,0.0,0
934,580530,False,MixCast_Studio,0.0,0
935,650010,False,Mob_Stadium,0.0,0
936,652540,False,Mocove_Arts_VR,0.0,0
937,414120,False,Modbox,2.0,0
938,580540,False,MonkeyKing_VR,0.0,0
939,543600,False,Monster_Maze_VR,0.0,0
940,739710,False,Monsterplants_vs_Bowling__Arcade_Edition,0.0,0
941,296710,False,Monstrum,6.0,0
942,269350,False,Montas,0.0,0
943,705160,False,Moon_VR_Video_Player,0.0,0
944,607770,False,Moonatees,0.0,0
945,471160,False,Moonshot_Galaxy,0.0,0
946,611050,False,Moriarty_Endgame_VR,0.0,0
947,643610,False,Mortal_Blitz,1.0,0
948,711440,False,Mortars_VR,1.0,0
949,501110,False,Mount_Wingsuit,1.0,0
950,313340,False,Mountain,131.0,0
951,599630,False,Mountain_Mind__Headbangers_VR,0.0,0
952,612590,False,Mouse_Playhouse,1.0,0
953,633490,False,MovingPictures_VR_Video_and_Image_Viewer,0.0,0
954,498600,False,MSI_Electric_City,1.0,0
955,691930,False,MSI_Electric_City_Core_Assault,0.0,0
956,584200,False,MultiVRse,0.0,0
957,549000,False,Munch_VR,0.0,0
958,520470,False,Music_Inside_A_VR_Rhythm_Game,0.0,0
959,547670,False,Musical_Range,0.0,0
960,391480,False,Mutato_Match,0.0,0
961,673970,False,MuX,0.0,0
962,501420,False,My_Own_Pet,0.0,0
963,348860,False,MyDream,0.0,0
964,744630,False,Mystery_Stone_from_Heaven,0.0,0
965,645280,False,MYSTIC_VR,0.0,0
966,723620,False,MyWorld__Scraplands,0.0,0
967,714910,False,nbody_VR,0.0,0
968,667770,False,Nano_Shift,1.0,0
969,366870,False,Narcosis,2.0,0
970,587580,False,Nature_Treks_VR,1.0,0
971,796350,False,NatureFly,0.0,0
972,574780,False,Naughty_Or_Nice,0.0,0
973,469990,False,NEKOPALIVE,14.0,0
974,537140,False,Nemesis_Perspective,0.0,0
975,716750,False,Nemesis_Realms,0.0,0
976,756700,False,Neon_Seoul_Outrun,0.0,0
977,595630,False,Neon8,0.0,0
978,617750,False,Neurowake,0.0,0
979,579720,False,Neverout,0.0,0
980,563550,False,Nevrosa_Escape,0.0,0
981,598070,False,Nevrosa_Prelude,1.0,0
982,465780,False,New_Retro_Arcade_Neon,6.0,0
983,572660,False,Nick,0.0,0
984,646180,False,Nightcrawler_VR_Bowling,0.0,0
985,614700,False,Nightmare_Grotto,0.0,0
986,511570,False,NIGHTSTAR,0.0,0
987,451870,False,Nighttime_Terror_VR_Dessert_Defender,0.0,0
988,730010,False,Ninja_in_Training,0.0,0
989,625320,False,No_Clue_VR,0.0,0
990,735540,False,NO_ONE,0.0,0
991,763880,False,No_Ordinary_Elevator,0.0,0
992,525210,False,Nock_Hidden_Arrow,0.0,0
993,301320,False,NoLimits_2_Roller_Coaster_Simulation,38.0,0
994,496790,False,Nothin_But_Net,0.0,0
995,468700,False,NVIDIA_VR_Funhouse,6.0,0
996,306760,False,Obduction,50.0,0
997,582030,False,Oblivion_Tesseract_VR,0.0,0
998,563420,False,Obscura,0.0,0
999,414810,False,Observatory_A_VR_Variety_Pack,0.0,0
1000,634060,False,ObserVRtarium,0.0,0
1001,422760,False,Ocean_Rift,1.0,0
1002,708680,False,Octopus_Bar,1.0,0
1003,488150,False,Octoshield_VR,0.0,0
1004,738600,False,Odyssey_VR__The_Deep_Space_Expedition,0.0,0
1005,556230,False,OffRoad_Paradise_Trial_4x4,1.0,0
1006,649730,False,OfficeBots_Reality_Bytes_VR,0.0,0
1007,600650,False,OK_Bob,0.0,0
1008,570000,False,Old_Friend,0.0,0
1009,672160,False,OldMaidGirl,0.0,0
1010,461500,False,Omega_Agent,0.0,0
1011,460510,False,One_Dark_Night,0.0,0
1012,512750,False,One_Giant_Leap,0.0,0
1013,550360,False,One_Of_The_Last,0.0,0
1014,555170,False,OneManVurgeR,0.0,0
1015,516900,False,Oniris_Basket_VR,0.0,0
1016,740780,False,OnsenVR,0.0,0
1017,496240,False,Onward,119.0,0
1018,728070,False,Operation_Apex,0.0,0
1019,695490,False,Operation_Chromite_1950_VR,0.0,0
1020,639270,False,Operation_Warcade_VR,2.0,0
1021,689130,False,Operation_Polarity_Hook,0.0,0
1022,587730,False,Orbital_Injection,0.0,0
1023,494370,False,Orbital_Strike_Arena,0.0,0
1024,746930,False,OrbusVR,55.0,0
1025,494530,False,Orc_Hunter_VR,0.0,0
1026,727100,False,Orch_Star,0.0,0
1027,605830,False,Organ_Quarter,0.0,0
1028,547250,False,Oscar_Mike_VR,0.0,0
1029,451840,False,Out_of_Ammo,3.0,0
1030,569630,False,Out_of_Ammo_Death_Drive,0.0,0
1031,656330,False,Outpost_L5,0.0,0
1032,513050,False,Outrageous_Grounds_The_Maze,0.0,0
1033,518720,False,Overkill_VR_Action_Shooter_FPS,1.0,0
1034,448850,False,Overload,13.0,0
1035,650070,False,OVERTURN,0.0,0
1036,586210,False,OVRdrop,23.0,0
1037,790750,False,oVRshot,0.0,0
1038,639960,False,OzGrind_Virtual_Reality_Showroom,0.0,0
1039,743070,False,Paddle_Master_VR,0.0,0
1040,496250,False,Paddle_Up,0.0,0
1041,445050,False,Paintey,0.0,0
1042,455160,False,PaintLab,0.0,0
1043,787530,False,Pale_Lands_VR,0.0,0
1044,411620,False,Pane_In_The_Glass,0.0,0
1045,541930,False,Panoptic,0.0,0
1046,589170,False,Panzer_Panic_VR,0.0,0
1047,685240,False,Paradiddle,1.0,0
1048,467660,False,Paranormal_Activity_The_Lost_Soul,3.0,0
1049,671310,False,ParareaSocial_VR_for_Everyone_Beta,2.0,0
1050,601490,False,Passengers_Awakening_VR_Experience,0.0,0
1051,716240,False,Pathstow_Mystery_VR,0.0,0
1052,555160,False,Pavlov_VR,76.0,0
1053,535010,False,Pen_Island_VR,0.0,0
1054,536370,False,Percussive_VR,0.0,0
1055,540740,False,Perfect,0.0,0
1056,487620,False,Perfect_Angle_VR__Zen_edition,0.0,0
1057,641590,False,Perplexigon,0.0,0
1058,618350,False,Personal_Disco_VR,0.0,0
1059,601990,False,Perspectives_AleppoHelsinki,0.0,0
1060,608870,False,Phantasma_VR,0.0,0
1061,684260,False,Phantom_Warfare,0.0,0
1062,435490,False,Pierhead_Arcade,2.0,0
1063,486370,False,Pinball_Evolution_VR,0.0,0
1064,547590,False,Pinball_FX2_VR,0.0,0
1065,605850,False,Pinball_Inside_A_VR_Arcade_Game,0.0,0
1066,623570,False,PingBall_VR,0.0,0
1067,559140,False,Pinheads_Bowling_VR,0.0,0
1068,543580,False,Pipejob,0.0,0
1069,542750,False,PIRATADO_1,0.0,0
1070,553410,False,Pirate_Defense,0.0,0
1071,527580,False,PITCHHIT_BASEBALL,0.0,0
1072,526550,False,PitchFork,0.0,0
1073,775850,False,Piwall,0.0,0
1074,618570,False,Pixel_Arcade,0.0,0
1075,618650,False,Pixel_Gear,0.0,0
1076,623970,False,Pixvana_SPIN_Play,0.0,0
1077,477800,False,Piata,0.0,0
1078,593260,False,Planet_Defender,0.0,0
1079,759040,False,Planet_Guardian_VR,0.0,0
1080,656320,False,Planet_Protector_VR,0.0,0
1081,523060,False,Planet_Smasher,0.0,0
1082,485110,False,PlanetFate,0.0,0
1083,602010,False,Plank_not_included,0.0,0
1084,560150,False,PLANNES,0.0,0
1085,489740,False,Playthings_VR_Music_Vacation,1.0,0
1086,536210,False,Please_State_Your_Name__A_VR_Animated_Film,0.0,0
1087,529590,False,Please_Dont_Touch_Anything_3D,2.0,0
1088,538950,False,Plenty_Skyhearth,0.0,0
1089,598660,False,Plevr,0.0,0
1090,726610,False,Podium_Bash,0.0,0
1091,610350,False,Poker_Show_VR,0.0,0
1092,462910,False,Poly_Runner_VR,0.0,0
1093,798790,False,PolyCube,0.0,0
1094,483680,False,PolyDome,0.0,0
1095,506960,False,Pong_Champion_VR,0.0,0
1096,520930,False,Pong_It_VR,0.0,0
1097,446750,False,Portal_Stories_VR,1.0,0
1098,544410,False,Potioneer_The_VR_Gardening_Simulator,0.0,0
1099,614850,False,Power_Fist_VR,0.0,0
1100,510130,False,Power_Link_VR,0.0,0
1101,584850,False,Power_Solitaire_VR,0.0,0
1102,589250,False,PowersVR,0.0,0
1103,611720,False,Practisim_VR,0.0,0
1104,599150,False,Prana,0.0,0
1105,572000,False,President_Erect_VR,0.0,0
1106,624870,False,Preta_Vendetta_Rising,0.0,0
1107,595090,False,Prevent_The_Fall,0.0,0
1108,538790,False,Primal_Carnage_Onslaught,0.0,0
1109,636580,False,Primal_Reign,1.0,0
1110,552270,False,Primitive_Road,0.0,0
1111,546150,False,Primordian,0.0,0
1112,595990,False,Princess_Kidnapper_2__VR,0.0,0
1113,558050,False,Princess_Kidnapper_VR,0.0,0
1114,673600,False,Prison_Boss_VR,1.0,0
1115,263420,False,Probably_Archery,0.0,0
1116,743000,False,Progeny_VR,0.0,0
1117,234630,False,Project_CARS,208.0,29.99
1118,378860,False,Project_CARS_2,760.0,0
1119,574140,False,Project_LUX,0.0,0
1120,585940,False,Project_Shield,0.0,0
1121,491790,False,Project_Syria,0.0,0
1122,646310,False,ProjectM__Daydream,0.0,0
1123,637960,False,ProjectM__Dream,0.0,0
1124,381310,False,Proton_Pulse,0.0,0
1125,461410,False,Protonwar,2.0,0
1126,571660,False,Psyche_Soldier_VR,0.0,0
1127,542960,False,Pumpkin_SculptrVR,0.0,0
1128,510060,False,Punch_Bomb,0.0,0
1129,494040,False,PuppetsVR,0.0,0
1130,635190,False,Puppy_Doge_VR,0.0,0
1131,606350,False,Puttyface,0.0,0
1132,501450,False,Puzzle_Blocks,0.0,0
1133,571630,False,Puzzle_Island_VR,0.0,0
1134,751430,False,Puzzle_of_Santa_Girl_VR,0.0,0
1135,510960,False,Puzzling_Rooms_VR,0.0,0
1136,556540,False,Pyramid_VR,0.0,0
1137,586360,False,Pyro_VR,0.0,0
1138,393750,False,POLLEN,0.0,0
1139,239430,False,QUBE_Directors_Cut,9.0,9.99
1140,577210,False,QUIRK,3.0,0
1141,478000,False,Qantas_VR,0.0,0
1142,252550,False,Qbeh1_The_Atlas_Cube,3.0,0
1143,614970,False,Qbike_Cyberpunk_Motorcycles,2.0,0
1144,773630,False,Quanero_2__System_Release,0.0,0
1145,497820,False,Quanero_VR,0.0,0
1146,465010,False,Quantized,0.0,0
1147,436940,False,Quar_Battle_for_Gate_18,0.0,0
1148,540410,False,Queendoom,0.0,0
1149,534230,False,Quell_4D,0.0,0
1150,522250,False,Quick_Draw,0.0,0
1151,489380,False,QuiVr,18.0,0
1152,549280,False,Quiz_Night_Tonight,0.0,0
1153,566350,False,Quizality,0.0,0
1154,542790,False,RacetronicVR,0.0,0
1155,555050,False,Racket_Fury_Table_Tennis_VR,1.0,0
1156,428080,False,Racket_Nx,4.0,0
1157,330770,False,RadialG__Racing_Revolved,0.0,0
1158,613850,False,Radiant_Crusade,0.0,0
1159,656170,False,RadianVR,0.0,0
1160,745130,False,Rage_Room,1.0,0
1161,222500,False,Rail_Adventures__VR_Tech_Demo,0.0,0
1162,601750,False,Range_Day_VR,0.0,0
1163,607330,False,Rangi,0.0,0
1164,524120,False,Raptor_Valley,0.0,0
1165,436320,False,Raw_Data,20.0,0
1166,631120,False,RAYBEEM__Live_in_Your_Music,0.0,0
1167,576840,False,RAYGUN_COMMANDO_VR,1.0,0
1168,754000,False,Rebot_VR,0.0,0
1169,720290,False,Reaching_for_Petals_VR_Edition,0.0,0
1170,559170,False,Ready_Aim_Splat,0.0,0
1171,592310,False,RealBX_VR_Apocalypse_begins,0.0,0
1172,452710,False,Realities,0.0,0
1173,687520,False,Realm_Quest,0.0,0
1174,563470,False,Reaping_Rewards,0.0,0
1175,708370,False,Reboant,0.0,0
1176,471710,False,Rec_Room,217.0,0
1177,642840,False,Red_Bull_Doodle_Art__Global_VR_Gallery,0.0,0
1178,613790,False,RED_CUBE_VR,0.0,0
1179,517710,False,Redout_Enhanced_Edition,16.0,0
1180,499760,False,Redswood_VR,0.0,0
1181,698110,False,Reficul,0.0,0
1182,753370,False,REGENESIS_Arcade_DELUXE,0.0,0
1183,642000,False,REGENESIS_Arcade_Lite,0.0,0
1184,516550,False,Relativity,0.0,0
1185,645340,False,Relax_Walk_VR,0.0,0
1186,534920,False,Relaxing_VR_Games_Mahjong,0.0,0
1187,578390,False,Remnith,0.0,0
1188,721510,False,Renters_Revenge,0.0,0
1189,468110,False,Rescuties_VR,0.0,0
1190,418370,False,RESIDENT_EVIL_7_biohazard__BIOHAZARD_7_resident_evil,256.0,0
1191,622380,False,RETNE,2.0,0
1192,227800,False,Retrovirus,0.0,0
1193,496160,False,Return_Zero_VR,0.0,0
1194,471630,False,Rexodus_A_VR_Story_Experience,0.0,0
1195,636450,False,Rez_Infinite,6.0,0
1196,728620,False,RibbonChase,0.0,0
1197,465310,False,Ricerca_VR,0.0,0
1198,665430,False,Rich_life_simulator_VR,2.0,0
1199,517160,False,Richies_Plank_Experience,35.0,0
1200,469610,False,Rick_and_Morty_Virtual_Rickality,24.0,0
1201,737880,False,RIFF_VR,0.0,0
1202,663200,False,Rift_Coaster_HD_Remastered_VR,0.0,0
1203,335210,False,Rifts_Cave,0.0,0
1204,619000,False,Riley_Short_Analog_Boy__Episode_1,0.0,0
1205,574440,False,Ripple_Effect,0.0,0
1206,629220,False,Rise_of_Insanity,1.0,0
1207,637040,False,RoadkillerZ,0.0,0
1208,579820,False,Robinson_The_Journey,1.0,0
1209,529260,False,Robot_Incursion,0.0,0
1210,718470,False,Rockland_VR,0.0,0
1211,756040,False,RollerCoaster_Legends,1.0,0
1212,506550,False,RollerForce,0.0,0
1213,470490,False,RollerGirls_From_Beyond,0.0,0
1214,530960,False,ROM_Extraction,0.0,0
1215,745090,False,ROMBIE,0.0,0
1216,657780,False,Rome_Circus_Maximus_Chariot_Race_VR,0.0,0
1217,592330,False,Roomscale_Coaster,0.0,0
1218,503390,False,Roomscale_Tower,0.0,0
1219,576750,False,Ropes_And_Dragons_VR,1.0,0
1220,667780,False,Rosebakers_Icy_Treats,0.0,0
1221,789290,False,RPG_Merchant,0.0,0
1222,443800,False,Ruckus_Ridge_VR_Party,0.0,0
1223,541770,False,RuinsCity_VR,0.0,0
1224,624610,False,RUN,0.0,0
1225,640300,False,Run_Of_Mydan,0.0,0
1226,687890,False,Runaway_VR,0.0,0
1227,457130,False,Runes_The_Forgotten_Path,0.0,0
1228,542030,False,RuneSage,0.0,0
1229,542570,False,RunVR,0.0,0
1230,504100,False,Russian_VR_Coasters,0.0,0
1231,530470,False,Sarp_Shooter,0.0,0
1232,704360,False,SACRALITH__The_Archers_Tale,0.0,0
1233,751380,False,Sacred_Four,0.0,0
1234,535410,False,Saga_of_the_Void_Admirals,0.0,0
1235,555880,False,Sairento_VR,23.0,0
1236,562450,False,Salvage_Op,0.0,0
1237,574150,False,Samurai_Sword_VR,0.0,0
1238,565730,False,Sanctuary_VR_Also_contains_nonVR_version,0.0,0
1239,571050,False,Santa_Sling,0.0,0
1240,475190,False,Scanner_Sombre,4.0,0
1241,601320,False,Schlocks,0.0,0
1242,612750,False,Scorb_VR,0.0,0
1243,774401,False,Scrap_Attack_VR,2.0,0
1244,418520,False,SculptrVR,1.0,0
1245,629640,False,Sea_Battle_VR,0.0,0
1246,529730,False,Seabed_Prelude,0.0,0
1247,614710,False,Seance_The_Unquiet_Preview,0.0,0
1248,660180,False,Seduction,0.0,0
1249,676460,False,Sellsword_VR,0.0,0
1250,496190,False,Senza_Peso,0.0,0
1251,567670,False,Serious_Sam_3_VR_BFE,5.0,0
1252,564310,False,Serious_Sam_Fusion_2017_beta,38.0,0
1253,552450,False,Serious_Sam_VR_The_First_Encounter,3.0,0
1254,465240,False,Serious_Sam_VR_The_Last_Hope,17.0,0
1255,552460,False,Serious_Sam_VR_The_Second_Encounter,3.0,0
1256,663350,False,ShadowCore_VR,0.0,0
1257,538490,False,Shatter_Quest,0.0,0
1258,757380,False,Ship_Ahoy_Open_BETA,0.0,0
1259,496960,False,Shoot_Mania_VR_Fun_Zombies,0.0,0
1260,666100,False,Shooty_Fruity,1.0,0
1261,604300,False,Show_Must_Go_On,0.0,0
1262,529940,False,ShowdownVR,0.0,0
1263,259510,False,Shufflepuck_Cantina_Deluxe,115.0,0
1264,412360,False,SightLineVR,0.0,0
1265,500500,False,Simple_VR_Video_Player,15.0,0
1266,560870,False,Singing_Stones_VR,0.0,0
1267,432850,False,Sisters,0.0,0
1268,525540,False,Six_Feet_Under,0.0,0
1269,446770,False,Skeet_VR_Target_Shooting,2.0,0
1270,568640,False,Sketchbox,0.0,0
1271,464940,False,Sketchfab_VR,0.0,0
1272,518190,False,Sky_Jac,0.0,0
1273,526130,False,Sky_Sanctuary,0.0,0
1274,395880,False,Sky_Tower,0.0,0
1275,721090,False,SKYBOX_VR_Video_Player,2.0,0
1276,640800,False,Skyfront_VR,1.0,0
1277,750440,False,Skylight,0.0,0
1278,629040,False,Skytropolis,0.0,0
1279,342190,False,Skyworld,0.0,0
1280,674160,False,Slasher_VR,0.0,0
1281,637870,False,SliceDice,0.0,0
1282,678170,False,Slingshot_Hero_VR,0.0,0
1283,525100,False,SLIVERtv,0.0,0
1284,461320,False,Smackitball,0.0,0
1285,568690,False,Smash_Party_VR,0.0,0
1286,530350,False,Smashbox_Arena,29.0,0
1287,625770,False,Smashing_The_Battle_VR,0.0,0
1288,445140,False,Smell_Of_Death,0.0,0
1289,559280,False,Snailiens,0.0,0
1290,451540,False,Snakes_on_an_Extradimensional_Plane,0.0,0
1291,244930,False,SNOW,117.0,0
1292,468740,False,Snow_Fortress,0.0,0
1293,579080,False,Snow_Games_VR,0.0,0
1294,515700,False,Snowday,0.0,0
1295,755130,False,Snowglobe,0.0,0
1296,764830,False,Snowmania,0.0,0
1297,667050,False,SojournVR,0.0,0
1298,615590,False,Solaright,0.0,0
1299,552300,False,Soldier_Sortie_VR_Agent_006,0.0,0
1300,696500,False,Soldiers_Of_Freedom,0.0,0
1301,384970,False,Soldiers_of_Heaven_VR,0.0,0
1302,570590,False,Solitaire_VR,0.0,0
1303,555130,False,Sonic_Hunter_VR,0.0,0
1304,530830,False,Sophies_Guardian,0.0,0
1305,594360,False,Sort_Em,0.0,0
1306,745620,False,Soul_Survival,0.0,0
1307,517130,False,Soundboxing,12.0,0
1308,662470,False,SoundLites,0.0,0
1309,736400,False,Soundscape,0.0,0
1310,636930,False,Soundscape__Demo_Edition,1.0,0
1311,556750,False,SourVR_Video_Player,1.0,0
1312,607690,False,SourVR_Video_Player_Deluxe_Edition,0.0,0
1313,575560,False,Space_Badminton_VR,0.0,0
1314,458290,False,Space_Bit_Attack,0.0,0
1315,716000,False,Space_Dragon,0.0,0
1316,645130,False,Space_Dream_VR,0.0,0
1317,582990,False,Space_Fist,0.0,0
1318,511600,False,Space_Jones_VR,0.0,0
1319,425990,False,Space_Junk_Patrol,0.0,0
1320,647590,False,Space_Junkies,,0
1321,548080,False,Space_Merchants_Arena,2.0,0
1322,413620,False,Space_Needle_VR,0.0,0
1323,686640,False,Space_Panic_Arena,0.0,0
1324,649460,False,Space_Panic_Room_Escape_VR,0.0,0
1325,418650,False,Space_Pirate_Trainer,55.0,0
1326,501220,False,Space_Ribbon,1.0,0
1327,437080,False,Space_Rift__Episode_1,0.0,0
1328,577640,False,Space_Station_Loma_OPERATIONS,0.0,0
1329,496080,False,Space_VR,0.0,0
1330,565190,False,Spacecats_with_Lasers_VR,0.0,0
1331,574920,False,SpaceJourney_VR,0.0,0
1332,592410,False,Spacetours_VR__Ep1_The_Solar_System,0.0,0
1333,601770,False,Sparc,7.0,0
1334,657930,False,Spartaga,0.0,0
1335,645860,False,Spartan_VR,0.0,0
1336,561230,False,Special_Delivery,0.0,0
1337,673380,False,SPECIAL_FORCE_VR,0.0,0
1338,588980,False,Speed_and_Scream,1.0,0
1339,566380,False,Speedball_Arena,0.0,0
1340,455440,False,Spell_Fighter_VR,1.0,0
1341,463400,False,Spellbound,0.0,0
1342,485680,False,sphereFACE,0.0,0
1343,645480,False,SpiderMan_Homecoming__Virtual_Reality_Experience,5.0,0
1344,619100,False,Spirit_Guide_Crucible,0.0,0
1345,633320,False,Spirit_Realm,0.0,0
1346,557670,False,Spooky_Night,0.0,0
1347,577690,False,Spookys_Jump_Scare_Mansion_HD_Renovation,7.0,0
1348,269170,False,Sports_Bar_VR,2.0,0
1349,590690,False,Sprint_Vector,25.0,0
1350,582360,False,Spud_Cricket_VR,0.0,4.99
1351,391640,False,Stage_Presence,0.0,9.99
1352,748370,True,STAND_OUT__VR_Battle_Royale,50.0,24.99
1353,460580,False,Star_Chart,0.0,9.99
1354,572980,False,Star_Dust_The_Book_of_Earth_VR,0.0,5.99
1355,556770,True,Star_Phoenix,0.0,9.99
1356,615270,False,Star_Rage_VR,0.0,19.99
1357,703430,False,Star_Rangers_VR__Free_Demo,0.0,0
1358,776430,True,STAR_SAGA_ONE__RISE_OF_THE_DOMINATORS,0.0,0.99
1359,698260,True,Star_Shelter,3.0,14.99
1360,527100,False,Star_Trek_Bridge_Crew,47.0,49.99
1361,726910,False,Star_Wars_Droid_Repair_Bay,1.0,0
1362,540500,False,Starfighter_Arduxim,0.0,3.99
1363,501440,False,Stars,0.0,14.99
1364,516950,True,Stars_Simulation,1.0,0.99
1365,450040,False,Stealth_Labyrinth,0.0,2.99
1366,461100,False,SteamDolls_VR,0.0,0
1367,517460,False,SteamHammerVR__The_Rogue_Apprentice,0.0,14.99
1368,493410,False,Steampuff_Phinnegans_Factory,0.0,9.99
1369,491380,False,SteamVR_Driver_for_Razer_Hydra,0.0,0
1370,323910,False,SteamVR_Performance_Test,27.0,0
1371,719030,True,Steel_And_Soul,0.0,0
1372,588340,False,Stolen_Steel_VR,0.0,7.99
1373,457650,False,Stonehenge_VR_SANDBOX,0.0,14.99
1374,457380,False,Storm_VR,0.0,1.99
1375,627530,False,Strata_inStudio_VR,0.0,0
1376,615550,False,StratoBash,0.0,3.99
1377,550160,False,Street_Champ_VR,0.0,0.99
1378,569390,False,Street_of_Sanctuary_VR,0.0,2.99
1379,644760,False,Streetball_VR,0.0,1.99
1380,209540,False,Strike_Suit_Zero,1.0,19.99
1381,665080,False,Stunt_Corgi_VR,2.0,14.99
1382,589280,False,Stunt_Kite_Masters_VR,0.0,4.99
1383,540770,False,Subject_264,0.0,0
1384,327880,False,Sublevel_Zero_Redux,2.0,14.99
1385,568800,False,Summer_times_Afternoon,0.0,7.99
1386,733360,True,SummonerVR_alpha,0.0,6.99
1387,537920,True,Supa_Kila_Monsta_Hunta,0.0,7.99
1388,594980,True,Super_Amazeballs,0.0,9.99
1389,459150,True,Super_Cat_Herding_Totally_Awesome_Edition,0.0,9.99
1390,539050,True,Super_Island_God_VR,0.0,19.99
1391,462520,False,Super_Kaiju,0.0,19.99
1392,534880,False,Super_Ninja_Hero_VR,0.0,9.99
1393,578610,False,Super_Pixel_Smash,0.0,7.99
1394,678060,False,Super_Ultra_Monster_Smash,0.0,0.99
1395,509070,False,Super_VR_Trainer,1.0,17.99
1396,322500,False,SUPERHOT,131.0,24.99
1397,617830,False,SUPERHOT_VR,107.0,24.99
1398,477130,False,Surge,0.0,0
1399,457420,False,Surgeon_Simulator_VR_Meet_The_Medic,4.0,0
1400,518920,False,Surgeon_Simulator_Experience_Reality,1.0,19.99
1401,461180,False,SurrealVR,0.0,0
1402,722180,True,SURV1V3,2.0,24.99
1403,551750,False,Survival_VR,0.0,2.99
1404,665880,False,Survivor_VR,0.0,7.99
1405,750670,False,SUSHIDO_VS_ZOMBIES,0.0,3.99
1406,602660,False,Suspended_Workshops,0.0,0
1407,509540,False,SVRVIVE_The_Deus_Helix,0.0,18.99
1408,716360,False,SweeperVR,1.0,3.99
1409,462480,True,Sweet_Escape_VR,0.0,4.99
1410,476430,False,SwingStar_VR,0.0,7.99
1411,533990,True,Sword_and_Shield_Arena_VR,0.0,4.99
1412,523710,False,Sword_Master_VR,0.0,9.99
1413,585340,False,SYMMETRY_alpha,2.0,0
1414,540010,False,Symphony_of_the_Machine,0.0,19.99
1415,579210,False,Syndrome_VR,0.0,29.99
1416,553320,False,SYREN,0.0,19.99
1417,286160,True,Tabletop_Simulator,1687.0,19.99
1418,570060,False,TacoFace,0.0,0.99
1419,696040,False,Tactera,0.0,14.99
1420,720510,True,Tactical_AR,0.0,9.99
1421,500880,True,Tails,0.0,7.99
1422,587860,False,Tales_of_Escape,10.0,19.99
1423,636970,True,Tales_Of_Glory,1.0,29.99
1424,502810,False,Tank_Hero_VR,0.0,2.99
1425,745900,False,Tank_of_WarVR,0.0,19.99
1426,712150,True,TankVR,0.0,4.99
1427,591680,True,Taphouse_VR,1.0,9.99
1428,700620,False,Temple_of_Aluxes,0.0,7.99
1429,510910,False,Temple_of_the_Apsara,0.0,1.99
1430,697910,False,Temple_Raid_VR,0.0,11.99
1431,630070,False,Tengutana,0.0,3.99
1432,529280,True,TEOT__The_End_OF_Tomorrow,0.0,3.99
1433,553530,True,Teratini_VR,0.0,9.99
1434,431120,False,Tethered,0.0,24.99
1435,748520,False,Tevris,0.0,12.99
1436,657210,True,The_Afterwoods,0.0,0
1437,531270,False,The_Art_of_Fight__4vs4_FastPaced_FPS,0.0,24.99
1438,373650,False,The_Assembly,2.0,29.99
1439,538050,False,The_baron_got_you_again,0.0,2.99
1440,713060,False,The_Beanstalk,0.0,0
1441,529670,False,The_Bellows,0.0,9.99
1442,451980,False,The_Body_VR_Journey_Inside_a_Cell,0.0,0
1443,756650,False,THE_BOX_VR,0.0,9.99
1444,710170,False,The_Broken_Seal,0.0,24.99
1445,794040,True,The_Broken_Seal_Arena,0.0,0
1446,440630,False,The_Brookhaven_Experiment,11.0,19.99
1447,560640,False,The_Cabin_VR_Escape_the_Room,0.0,4.99
1448,612440,False,The_Cable_Center__Virtual_Archive,0.0,0
1449,583060,False,The_Cavern,0.0,14.99
1450,357010,False,The_Collider_2,0.0,9.99
1451,624260,False,The_Crane_Trials_Red_Edition,0.0,4.99
1452,566060,False,The_Crypts_of_Anak_Shaba__VR,1.0,0.99
1453,505660,False,The_Crystal_Nebula,0.0,1.99
1454,452490,False,The_Cubicle,0.0,0
1455,761880,True,The_Day_They_Landed,0.0,8.99
1456,448980,False,The_Divergent_Series_Allegiant_VR,0.0,0
1457,763630,False,The_Door_of_Ice,0.0,2.99
1458,750850,False,The_Dream_Collector,0.0,1.99
1459,517550,False,The_Enlightened_League_of_Bone_Builders_and_the_Osseous_Enigma,0.0,0
1460,572290,False,The_Existence_Abstract,0.0,3.99
1461,708580,False,The_Exorcist_Legion_VR,3.0,4.99
1462,544540,False,The_Fastest_Fist,0.0,9.99
1463,630020,False,The_First_Class_VR,0.0,6.99
1464,411820,True,The_FOO_Show_featuring_Will_Smith,1.0,0
1465,590250,True,The_Frontier_Outskirts_VR,0.0,9.99
1466,270130,False,The_Gallery__Episode_1_Call_of_the_Starseed,2.0,19.99
1467,526140,False,The_Gallery__Episode_2_Heart_of_the_Emberstone,3.0,29.99
1468,637640,False,The_Glade,0.0,1.99
1469,526750,False,The_Gleam_VR_Escape_the_Room,0.0,3.99
1470,489600,False,The_Golf_Club_VR,5.0,29.99
1471,407710,False,The_Grand_Canyon_VR_Experience,10.0,2.99
1472,569510,False,The_Harvest_VR,0.0,0
1473,588990,True,The_Homestead_Invasion,0.0,4.99
1474,556550,True,The_Horus_Heresy_Betrayal_at_Calth,4.0,0
1475,733690,False,The_Hospital_Allisons_Diary,0.0,5.99
1476,621290,True,The_Hunted,0.0,29.99
1477,460990,False,The_Impossible_Travel_Agency,0.0,4.99
1478,582560,False,The_Invisible_Hours,4.0,29.99
1479,660520,False,The_IOTA_Project,0.0,0
1480,546240,False,The_Journey,0.0,4.99
1481,519170,False,The_Journey_Home,1.0,0
1482,450390,False,The_Lab,120.0,0
1483,502710,False,The_Last_Sniper_VR,1.0,7.99
1484,626460,False,The_Legendary_Blacksmith,0.0,0
1485,707310,False,The_Little_Prince_VR,0.0,49.99
1486,350380,False,The_Martian_VR_Experience,0.0,9.99
1487,652900,False,The_Mechanical_Room_VR,0.0,1.99
1488,527110,False,The_Melody_of_Dust,0.0,4.99
1489,642700,False,The_Murder_Room_VR,0.0,10.99
1490,689210,False,The_Museum_of_ThroughView,0.0,9.99
1491,473910,True,The_Nest,0.0,14.99
1492,482390,False,The_Night_Cafe_A_VR_Tribute_to_Vincent_Van_Gogh,0.0,0
1493,543350,False,The_Night_The_Carsons_Disappeared,0.0,0.99
1494,744150,False,The_Official_AppGameKit_Tutorial_Guide_Vol_2,0.0,39.99
1495,499400,True,The_Path_of_Greatest_Resistance,0.0,3.99
1496,749370,False,The_Perfect_Sniper,0.0,16.99
1497,561080,False,The_Price_of_Freedom,0.0,19.99
1498,615650,False,The_Professor_Presents_GotHandles,1.0,0
1499,553450,False,The_Purge_Day,0.0,2.99
1500,576620,False,The_Puzzle_Room_VR__Escape_The_Room,0.0,12.99
1501,529630,False,The_Rabbit_Hole,0.0,3.99
1502,599420,False,The_Raiders,0.0,7.99
1503,673070,False,The_Ranger_Lost_Tribe,4.0,0
1504,625470,False,The_Red_Stare,3.0,0
1505,695910,False,The_Relentless,0.0,4.99
1506,534750,True,The_Rise_of_Captain_Longbeard,0.0,0
1507,396060,False,The_Rose_and_I,1.0,0
1508,592320,False,The_Ruins_VR_Escape_the_Room,0.0,5.99
1509,778260,False,The_Scent_of_Summer,0.0,0
1510,496950,False,The_Slingshot_VR,0.0,2.99
1511,615630,False,The_Sniper_VR,0.0,14.99
1512,313630,False,The_Solus_Project,18.0,19.99
1513,442660,True,The_SoulKeeper_VR,0.0,19.99
1514,579580,False,The_Source_of_Evil,0.0,5.99
1515,676990,False,The_Stone,0.0,12.99
1516,718530,False,The_Survival_Test_VR_Defend_To_Death,0.0,9.99
1517,555230,False,The_table_at_war_VR,0.0,14.99
1518,552440,False,The_Talos_Principle_VR,6.0,39.99
1519,494150,True,The_Thrill_of_the_Fight__VR_Boxing,8.0,9.99
1520,548860,True,The_Torus_Syndicate,0.0,14.99
1521,513170,False,The_Tower_Last_Stand,0.0,2.99
1522,705930,False,The_Trace,0.0,9.99
1523,602140,True,The_Uncertain_VR_Experience,3.0,0
1524,504560,False,The_Unwelcomed,0.0,14.99
1525,457880,False,The_Vanishing_of_Ethan_Carter_VR,,9.99
1526,457580,False,The_Visitor,0.0,0.99
1527,515020,False,The_VR_Museum_of_Fine_Art,0.0,0
1528,435380,False,The_Wake,0.0,0
1529,507210,False,The_Wire,0.0,0
1530,495390,False,The_Wire_Loop_Game_VR,0.0,1.99
1531,586950,True,The_Wizards,4.0,11.99
1532,650620,True,The_Zero_Dome,0.0,0
1533,451520,False,theBlu,13.0,9.99
1534,254590,False,Theme_Park_Studio,0.0,29.99
1535,564520,False,TheScreamer_VR,0.0,0.99
1536,677330,False,Theseus,0.0,19.99
1537,453000,True,TheWaveVR_Beta,10.0,0
1538,525350,True,Thick_Air,0.0,2.99
1539,506780,False,Think_Space,0.0,6.99
1540,510930,True,Thirst_VR,1.0,2.99
1541,573260,False,THOSE_DAMN_ALIENS_VR,0.0,7.99
1542,520270,False,Thrills__Chills__Roller_Coasters,3.0,2.99
1543,681020,False,Throne_of_the_Dead,0.0,2.99
1544,639220,True,Throttle_Powah_VR,0.0,9.99
1545,509310,False,ThrounnelVR,0.0,2.99
1546,725050,False,Thug_Life,0.0,8.99
1547,356400,False,Thumper,14.0,19.99
1548,355460,False,Thunderbird_The_Legend_Begins,0.0,5.99
1549,327140,False,Tilt_Brush,82.0,19.99
1550,554280,False,Time_Carnage,0.0,0
1551,356180,False,Time_Machine_VR,1.0,0
1552,270010,False,Time_Rifters,0.0,0
1553,673450,False,TimeLock_VR,0.0,0
1554,311930,False,Tinertia,0.0,0
1555,653930,False,Tiny_Town_VR,6.0,0
1556,577850,False,Tiny_Wheels,0.0,0
1557,528260,False,TITAN_SLAYER,0.0,0
1558,741430,False,Titanic_VR,3.0,0
1559,468820,False,Titans_of_Space_20,2.0,0
1560,509250,False,TO_THE_TOP,5.0,0
1561,557460,False,ToledoVR,0.0,0
1562,625800,False,Tomb_Guard_VR,0.0,0
1563,405480,False,Tomorrow,0.0,0
1564,519160,False,Toon_Ocean_VR,0.0,0
1565,698600,False,Tooth_and_Claw,0.0,0
1566,532260,False,Top_Floor,0.0,0
1567,613980,False,Top_Secret,0.0,0
1568,534720,False,Tornuffalo,0.0,0
1569,574730,False,Tornuffalo__BuffalSnow_Blizzard_Local_Multiplayer_Party_Mode,0.0,0
1570,746500,False,Totally_Realistic_Sledding_VR,0.0,0
1571,487740,False,Tower_Island_Explore_Discover_and_Disassemble,0.0,0
1572,749960,False,Townsmen_VR,3.0,0
1573,620360,False,Toy_Clash,0.0,0
1574,287260,False,Toybox_Turbos,7.0,0
1575,375900,False,Trackmania_Turbo,15.0,0
1576,683790,False,Tractorball,0.0,0
1577,614150,False,Train_Harder,0.0,0
1578,746610,False,Train_Runner_VR,0.0,0
1579,763790,False,TrainerVR,0.0,0
1580,601080,False,TRANCE_VR,0.0,0
1581,624920,False,Trapped_With_the_Dolls_VR,1.0,0
1582,730090,False,Travel_VR,0.0,0
1583,693810,False,Treasure_At_The_Top,0.0,0
1584,568600,False,Treehouse_Basketball,1.0,0
1585,509360,False,TRESPASS__Episode_1,0.0,0
1586,381940,False,Trials_on_Tatooine,1.0,0
1587,520510,False,Tribocalypse_VR,0.0,0
1588,538510,False,Trickshot,0.0,0
1589,512220,False,Trickster_VR_Coop_Dungeon_Crawler,3.0,0
1590,534480,False,Tropical_Girls_VR,0.0,0
1591,542410,False,True_Blades,0.0,0
1592,547850,False,Trump_Simulator_VR,0.0,0
1593,495300,False,TrumPiata,0.0,0
1594,717680,False,Tubular_Rift,0.0,0
1595,689580,False,TurnSignal,13.0,0
1596,780710,False,TURRET_SYNDROME,0.0,0
1597,517170,False,Tvori,1.0,0
1598,601110,False,Twin_Roads,0.0,0
1599,494960,False,Twisted_Arrow,0.0,0
1600,759950,False,Uizuno_Blade_VR,0.0,0
1601,499620,False,Ultimate_Booster_Experience,2.0,0
1602,639130,False,Ultrawings,2.0,0
1603,566730,False,UMAWar_VR,0.0,0
1604,599070,False,Umpire_Simulator,0.0,0
1605,494310,False,Unbreakable_Vr_Runner,0.0,0
1606,682140,False,Undead_Development,2.0,0
1607,587930,False,Under_a_Desert_Sun,0.0,0
1608,551720,False,Unearthed_Inc_The_Lost_Temple,0.0,0
1609,605310,False,Unearthing_Mars_VR,0.0,0
1610,546210,False,Unforgiven_VR,0.0,0
1611,676170,False,Ungrounded_Ripple_Unleashed_VR,0.0,0
1612,726250,False,Unknightly,3.0,0
1613,576100,False,Unknown_Pharaoh,0.0,0
1614,523720,False,Unruly_Ghouls,0.0,0
1615,429830,False,Unseen_Diplomacy,1.0,0
1616,697020,False,Until_None_Remain_Battle_Royale_VR,0.0,0
1617,639770,False,UNTITLED,0.0,0
1618,646380,False,Uphill_Skiing,0.0,0
1619,602000,False,Uplands_Motel_VR_Thriller,1.0,0
1620,478950,False,V_ARRR,0.0,0
1621,344180,False,Valiant,0.0,0
1622,619020,False,Valkyrie_Blade_VR,0.0,0
1623,520120,False,Vanguard_V,0.0,0
1624,322770,False,Vanishing_Realms,6.0,0
1625,662500,False,Vault_Resort,0.0,0
1626,346460,False,Vector_36,0.0,0
1627,600350,False,VectorWars_VR,0.0,0
1628,584070,False,Vee_Rethak__Deep_Under_The_Mountain,0.0,0
1629,494850,False,VeeR_Pong,0.0,0
1630,650090,False,VeeR_VR,0.0,0
1631,648810,False,Vehicle_VR,0.0,0
1632,459780,False,Vektron_Revenge,0.0,0
1633,465430,False,Vertigo,0.0,0
1634,526090,False,Very_Real_Chess,0.0,0
1635,554700,False,Viking_Escape,0.0,0
1636,589150,False,Viking_Rage,0.0,0
1637,597770,False,VINDICTA,0.0,0
1638,802290,False,Vinnies_Diary,0.0,0
1639,466720,False,Vintage_VR,0.0,0
1640,602130,False,Violent_killer_VR,0.0,0
1641,592360,False,Violets_Dream_VR,0.0,0
1642,397600,False,Viral_EX,0.0,0
1643,382110,False,Virtual_Desktop,114.0,0
1644,492880,False,Virtual_Insanity,0.0,0
1645,519540,False,Virtual_Islands,0.0,0
1646,804680,False,Virtual_Ninja_VR,0.0,0
1647,752050,False,Virtual_Reality_Girls,0.0,0
1648,767130,False,Virtual_Reality_Girls_2,0.0,0
1649,703480,False,Virtual_Space,1.0,0
1650,588410,False,Virtual_Sports,1.0,0
1651,653970,False,Virtual_Temple_Order_of_the_Golden_Dawn,0.0,0
1652,517020,False,Virtual_Warfighter,0.0,0
1653,621780,False,Virtually_Impossible,1.0,0
1654,426610,False,Virtually_Live_presents_Formula_E_Season_Two_Highlights,0.0,0
1655,459870,False,VIRTUAnimator,0.0,0
1656,699990,False,VirtuGO,0.0,0
1657,617060,False,Virush,0.0,0
1658,448710,False,VirZOOM_Arcade,4.0,0
1659,633940,False,Vision_Origin,0.0,0
1660,488360,False,Vistascapes_VR,0.0,0
1661,606180,False,Vive_Video,5.0,0
1662,494830,False,ViveSpray,0.0,0
1663,614830,False,ViveSpray_2,1.0,0
1664,560550,False,void_LINK,1.0,0
1665,529360,False,Void_Rangers,0.0,0
1666,329190,False,Volo_Airsport,0.0,0
1667,593250,False,Voxel_Shot_VR,2.0,0
1668,727800,False,Voxel_Tank_VR,0.0,0
1669,502480,False,VoxVR,0.0,0
1670,676060,False,VR__Killing_Town,0.0,0
1671,517400,False,VR_Amazing_Files_Horror_Hospital,0.0,0
1672,554940,False,VR_Apocalypse,0.0,0
1673,577270,False,VR_Aquarium,0.0,0
1674,601760,False,VR_Audio_Visualizer,0.0,0
1675,606850,False,VR_Batting,0.0,0
1676,495030,False,VR_Battle_Grid,1.0,0
1677,649620,False,VR_Battleship_YAMATO,0.0,0
1678,494380,False,VR_Boxing_Workout,0.0,0
1679,605110,False,VR_Chair_Games,1.0,0
1680,616660,False,VR_Coaster_Extreme,0.0,0
1681,678100,False,VR_Crane_Master,0.0,0
1682,607720,False,VR_Darts,0.0,0
1683,493620,False,VR_Disc_Golf,0.0,0
1684,713230,False,VR_Drivers,0.0,0
1685,553150,False,VR_Dungeon,1.0,0
1686,566860,False,VR_Dungeon_Knight,3.0,0
1687,676690,False,VR_Escape_The_Puzzle_Room,0.0,0
1688,513420,False,VR_Escape_the_space_station,0.0,0
1689,673840,False,VR_Formula,0.0,0
1690,535750,False,VR_Fun_World,0.0,0
1691,512630,False,VR_Gallery,1.0,0
1692,563760,False,VR_GirlFriend,1.0,0
1693,575540,False,VR_Golf_Online,0.0,0
1694,652180,False,VR_Guest,0.0,0
1695,575430,False,VR_Home,0.0,0
1696,617600,False,VR_Interior_Designer_Pro,1.0,0
1697,561360,False,VR_Invaders,0.0,0
1698,527540,False,VR_Journey,0.0,0
1699,422640,False,VR_Karts_SteamVR,0.0,0
1700,588350,False,VR_Meditation_SkyRun,0.0,0
1701,736340,False,VR_Mini_Bowling,0.0,0
1702,566870,False,VR_Monster_Awakens,0.0,0
1703,531980,False,VR_Photo_Viewer,1.0,0
1704,492710,False,VR_Ping_Pong,0.0,0
1705,755850,False,VR_Ping_Pong_Paradise,0.0,0
1706,468240,False,VR_Regatta__The_Sailing_Game,0.0,0
1707,533700,False,VR_Retreat,0.0,0
1708,757100,False,VR_RHYTHM_ACTION_SEIYA,0.0,0
1709,548360,False,VR_RunningJoe,0.0,0
1710,638830,False,VR_Scape,0.0,0
1711,671740,False,VR_SHOOT_AROUND__Realistic_basketball_simulator,0.0,0
1712,489160,False,VR_Shooter_Guns,0.0,0
1713,616890,False,VR_Slugger_The_Toy_Field,0.0,0
1714,574190,False,VR_Snowballs,0.0,0
1715,563610,False,VR_Squash_2017,0.0,0
1716,673830,False,VR_STOCK_CAR_RACERS,1.0,0
1717,593240,False,VR_SUPER_SPORTS,2.0,0
1718,789640,False,VR_SUPER_SPORTS__10_Edition,0.0,0
1719,647370,False,VR_SUPER_SPORTS__Golf,0.0,0
1720,647371,False,VR_SUPER_SPORTS__Table_Tennis,0.0,0
1721,636590,False,VR_SUSHI_BAR,0.0,0
1722,678200,False,VR_Table_Sports,0.0,0
1723,530120,False,VR_The_Diner_Duo,6.0,0
1724,642070,False,VR_Theme_Park_Rides,0.0,0
1725,488040,False,VR_Toolbox_360_Desktop,2.0,0
1726,680170,False,VR_Triber,0.0,0
1727,511830,False,VR_Ultimate_Paintball_Heartbreak_Regret__Paintbots,0.0,0
1728,462670,False,VRXterminator,0.0,0
1729,458190,False,VR0GU3_Unapologetic_Hardcore_VR_Edition,0.0,0
1730,680560,False,VR2Space,0.0,0
1731,723280,False,VR360Viewer,0.0,0
1732,494810,False,VR_Vacate_the_Room,1.0,0
1733,433630,False,vrAMP,0.0,0
1734,677290,False,VRCAT,0.0,0
1735,549920,False,VRchaeology_Prologue,0.0,0
1736,438100,False,VRChat,6453.0,0
1737,582210,False,VRemin_A_Virtual_Theremin,0.0,0
1738,526440,False,vRhythm,0.0,0
1739,457670,False,Vrideo,0.0,0
1740,612050,False,VRIQ,1.0,0
1741,720330,False,VRMakingSense,0.0,0
1742,464170,False,VRMark,0.0,0
1743,500360,False,VRMultigames,2.0,0
1744,509170,False,VRNinja,0.0,0
1745,588560,False,VRobot_VR_Giant_Robot_Destruction_Simulator,0.0,0
1746,589380,False,VRog,0.0,0
1747,375190,False,VROOM_Aerie,0.0,0
1748,411690,False,VROOM_Galleon,0.0,0
1749,569420,False,VRQB,0.0,0
1750,579050,False,VRSailing_by_BeTomorrow,0.0,0
1751,626760,False,VRtender,0.0,0
1752,484350,False,VRZ_Torment,2.0,0
1753,667970,False,VTOL_VR,12.0,0
1754,566900,False,Wacky_Wings_VR,0.0,0
1755,525870,False,WackyMoles,0.0,0
1756,486290,False,Waddle_Home,0.0,0
1757,499540,False,Wake_Up,0.0,0
1758,436820,False,Waltz_of_the_Wizard,11.0,0
1759,741400,False,Wands,0.0,0
1760,599430,False,War_of_Castle_VR,0.0,0
1761,672640,False,War_Robots_VR_The_Skirmish,2.0,0
1762,410390,False,Warhammer_Vermintide_VR__Hero_Trials,0.0,0
1763,380130,False,Warhawks,0.0,0
1764,573360,False,Warka_Flarka_Flim_Flam,0.0,0
1765,600150,False,Warpaint,0.0,0
1766,548740,False,Warpin_Creation_VR,0.0,0
1767,514820,False,Wasps,0.0,0
1768,496230,False,Watching_Grass_Grow_In_VR__The_Game,0.0,0
1769,394130,False,Water_Bears_VR,1.0,0
1770,512420,False,Wave_Magic_VR,0.0,0
1771,791380,False,Way_Out,1.0,0
1772,582500,False,We_Were_Here,150.0,0
1773,488950,False,Werewolves_Within,3.0,0
1774,576950,False,Westard,1.0,0
1775,594410,False,Western_Bank_VR,0.0,0
1776,544130,False,WhackaVote_Hammering_the_Polls,0.0,0
1777,542360,False,Wheres_the_Fckng_Light__VR,0.0,0
1778,451650,False,Whirligig_VR_Media_Player,9.0,0
1779,553490,False,Wild_Game_Hunter_VR,0.0,0
1780,500140,False,Wildlife_VR,0.0,0
1781,428370,False,Windlands,0.0,0
1782,691570,False,Wingless,0.0,0
1783,670270,False,Wings_of_Peace_VR_DayBreak,0.0,0
1784,553630,False,Wipe_Out_VR,0.0,0
1785,632520,False,WiseMind,0.0,0
1786,458890,False,WITHIN,3.0,0
1787,629780,False,WizzBall,0.0,0
1788,450630,False,Woeful_Woebots,0.0,0
1789,762380,False,World_Apart,0.0,0
1790,590530,False,World_Builder,0.0,0
1791,251890,False,World_of_Diving,3.0,0
1792,511560,False,World_of_Golf,0.0,0
1793,493290,False,World_VR_Competition,0.0,0
1794,510080,False,Worldy_Cup,0.0,0
1795,723380,False,Wraith,0.0,0
1796,650860,False,Wrath_of_Loki_VR_Adventure,0.0,0
1797,511370,False,Wrath_Of_The_Fire_God,1.0,0
1798,619600,False,Wrecked_Get_Your_Ship_Together,0.0,0
1799,570420,False,X_Rebirth_VR_Edition,2.0,0
1800,269950,False,XPlane_11,538.0,0
1801,546670,False,Xark,0.0,0
1802,623370,False,xDrive_VR,0.0,0
1803,587710,False,Xenobox_VR,0.0,0
1804,299400,False,XING_The_Land_Beyond,5.0,0
1805,644420,False,Xion,0.0,0
1806,447100,False,XLR,0.0,0
1807,450050,False,Yon_Paradox,0.0,0
1808,524380,False,Yore_VR,0.0,0
1809,755770,False,YouTube_VR,16.0,0
1810,672450,False,Z_ViRus_VIRM_Uprising,0.0,0
1811,543950,False,Zcode_VR_for_HTC_Vive,0.0,0
1812,444930,False,Zaccaria_Pinball,3.0,0
1813,538760,False,Zaccaria_Pinball__VR,0.0,0
1814,574220,False,Ze_VR,0.0,0
1815,611200,False,Zeppelin_VR,0.0,0
1816,754930,False,Zero_Days_VR,0.0,0
1817,268710,False,Zero_Point,0.0,0
1818,491520,False,ZeroG_VR,0.0,0
1819,721890,False,ZhanDou_VR_and_NonVR,0.0,0
1820,618590,False,Zombie_Buster_VR,0.0,0
1821,503410,False,Zombie_Camp,0.0,0
1822,771570,False,Zombie_City,0.0,0
1823,665620,False,Zombie_Hobby_VR,0.0,0
1824,636430,False,Zombie_Kill,0.0,0
1825,639460,False,Zombie_Riot,0.0,0
1826,446620,False,Zombie_Training_Simulator,8.0,0
1827,569640,False,ZombieFight_VR,0.0,0
1828,562740,False,ZombiesTown_VR,0.0,0
1829,523940,False,ZombVR,0.0,0
1830,681390,False,ZomDay,7.0,0
1831,723420,False,_,0.0,0
1832,625690,False,__FINAL_WORLD,0.0,0
1833,602670,False,_,0.0,0
1834,546110,False,Picturesque_VR,0.0,0
1835,719600,False,VR,0.0,0
